company_name,Number_of_Jobs,Average_Rating
Tata Consultancy Services,653,3.3
Accenture,438,3.7
EY,340,3.4
Leading Client,243,3.6
Infosys,209,3.51
Capgemini,195,3.61
Photon,193,4.1
Logic Planet,185,2.8
Hexaware Technologies,147,3.4
Sparix Global,126,5.0
Paytm,111,3.2
Fractal Analytics,108,4.0
Krazy Mantra It,102,3.6
Han Digital Solution,98,3.6
Crisil,98,3.6
Diverse Lynx,94,3.4
Iris Software,91,3.7
Nagarro,90,3.9
Cognizant,88,3.7
Tech Stalwart Solution,86,3.2
PwC Service Delivery Center,85,3.3
IBM,82,3.89
Tech Mahindra,77,3.39
CGI,72,3.98
Synechron,71,3.4
Coforge,68,3.3
Barclays,68,3.8
Welo Data,61,4.5
Optum,61,4.0
Acme Services,60,3.6
Clifyx Technology,56,3.3
US MNC (analytics),54,3.6
Luxoft,54,3.6
S&P Global Market Intelligence,52,4.0
Mastercard,52,3.8
Thales,51,3.6
Codvo,51,3.5
UPS Supply Chain Solutions (UPS SCS),49,3.6
Zensar,48,3.7
HCLTech,47,3.4
RIGHT STEP CONSULTING PRIVATE LIMITED,46,3.6
Capco,46,3.79
Jones Lang LaSalle (JLL),44,4.1
Tredence,42,3.3
Wipro,42,3.6
JPMorgan Chase Bank,41,3.8
Persistent,40,3.6
Infraveo Technologies,38,3.6
Bahwan CyberTek,38,3.3
Grid Dynamics,38,3.1
Adobe,38,3.7
Google,38,4.4
Tekskills,37,3.62
Hitachi Digital Services,37,3.5
Maruti Suzuki,37,4.1
Crescendo Global,37,3.6
Airo Digital Labs,37,3.9
Altimetrik,36,3.53
Anaplan,36,3.1
Genpact,36,3.6
Cloud Counselage,36,4.4
SWS Smart Working Solutions,36,3.3
Ltimindtree,35,3.6
Micro1,35,3.6
Birlasoft,35,3.41
Highlevel Llc,35,3.6
Vrinda International,34,3.6
Axis Max Life Insurance,34,4.0
DXC Technology,34,3.6
Cloudxtreme,34,4.2
Tekskills India Pvt ltd,34,3.6
Axtria,33,2.7
Estalvis Advisors,33,3.6
Ascendion Engineering,32,3.6
IDESLABS,31,3.8
Oliver Wyman,31,3.2
Bajaj Finance,31,3.9
Tiger Analytics,30,3.7
Dentsu Webchutney,30,2.9
Quantiphi Analytics Solutions,30,3.1
BCForward,30,3.6
TP,29,3.9
Rockwell Automation,29,3.7
Kyndryl,29,4.0
ZS,29,3.1
Careernet,29,3.6
Rarr Technologies,28,4.18
Quarks Technosoft,28,3.6
Ecolab Global Services,28,3.4
Evalueserve,28,3.0
Squircle IT,28,3.6
Info Edge,27,3.8
KLA,27,3.9
UST,27,3.7
Azilen,27,2.9
AtkinsRéalis,26,3.8
Lorven Technologies,26,3.2
Caterpillar Inc,26,4.1
Spanbix Technologies,26,3.6
InfoCepts,26,3.5
Alignerr,26,3.7
LLP S3bglobal Technologies,26,3.5
Damco Solutions,26,3.4
Prudential,26,3.6
EXL,26,3.6
Ciklum,25,3.51
Elsevier,25,3.6
Deloitte US-India Offices,25,3.6
Artify Talent Studio,25,4.4
SLK Software,25,3.2
FIS,24,3.8
Tekskills india,24,3.6
Numerator,24,3.9
FedEx,24,4.0
Globallogic,24,3.5
Tekskills india pvt ltd,23,3.6
Acenet,23,4.2
Exavalu,23,4.1
Hatigen Consulting Services,23,3.6
GForce Consulting Solutions,23,3.6
Hitachi Energy,23,4.0
Innova Solutions,22,3.3
Hewlett Packard Enterprise,22,4.0
Bounteous x Accolite,22,3.2
Happiest Minds Technologies,22,3.4
Clover Infotech,22,3.35
Virtusa,22,3.7
Allianz,22,4.1
Open Insights,22,4.2
MNJ Software,22,4.2
"NTT DATA, Inc.",22,3.9
Adani Group,22,3.8
Yash Technologies,21,3.7
Mufg Pension & Market Services,21,3.5
Impetus Technologies,21,3.3
Deutsche Bank,21,3.8
Apex Group,20,2.6
Mobile Programming,20,2.9
Speechify,20,2.3
Scry Analytics,20,4.1
Acuity Knowledge Partners,20,3.1
Impronics Technologies,20,3.6
Krazymantra It Solutions,20,3.6
Expedia,20,3.6
Stack Digital,19,3.6
Wing Assistant,19,4.3
Virtualware Innovations,19,4.4
Aliqan Services,19,3.97
IBU Consulting,19,3.7
Ztek Consulting,19,3.8
PointAbout Inc.,19,3.1
ARP Investments,19,3.6
Tekskills India,19,3.6
Databricks,19,2.9
Epam Systems,19,3.7
KPI Partners,19,3.6
Aecom,19,4.2
The It Mind Services,19,4.1
IT Company,19,3.6
eLabs Infotech,19,3.6
PayU,18,3.3
TekWissen India,18,4.9
Premium,18,3.6
Insight Direct India,18,3.8
Ahead,18,3.3
Service based Top B2B MNC in IT Services Sector,18,3.6
Godigi Infotech,18,2.4
Straive,17,3.3
Embarkgcc Services,17,4.35
Calsoft,17,2.8
Katbotz Llc,17,3.6
Conduent,17,3.4
Affine Analytics,17,3.3
Navikenz India,17,3.5
AMERICAN EXPRESS,17,4.1
Nomura,17,3.7
brillio-2,17,3.3
Thermo Fisher Scientific,17,3.8
TATA 1 MG,17,3.6
Siemens,16,4.0
Baker Hughes,16,4.1
360DigiTMG,16,4.1
Tenarai Technologies,16,3.5
Star4rall It Solutions,16,3.6
Atyeti,16,3.7
Globant,16,3.4
Moris Media,16,4.4
Origin Hr,16,3.5
PW,16,3.6
Zenon LLC,16,2.7
Crescendo Global Leadership Hiring India,16,3.6
Premium Aerotec,16,3.6
Overture Rede,16,3.8
TO THE NEW,15,3.6
Hdfc Bank,15,3.8
Agilisium,15,3.1
Smiths,15,3.5
Leading IT Service and Consulting Organization,15,3.6
Drivetrain,15,1.6
E4 Softwares,15,3.7
TE Connectivity,15,4.1
Stratonik,15,3.6
Ceresight,15,3.6
Digital Glyde,15,3.3
Kiya.ai,15,3.9
Conneqt,15,3.5
enGen Global,15,3.8
Global Act,15,4.0
Programming.Com,15,3.4
PSRTEK,15,4.3
Intuitive Apps,15,2.7
Heinz,15,3.0
Codersbrain India,15,3.11
Gallagher,15,3.6
Service based Top B2B MNC in IT Services Domain,14,3.6
Scribble Data,14,3.6
Indium Software,14,3.9
Jobgether,14,3.6
Tekskills India pvt ltd,14,3.6
eClerx,14,3.1
Comviva Technology,14,2.8
Natwest Digitalx,14,3.9
Simcorp,14,3.9
VOLKSWAGEN GROUP DIGITAL SOLUTIONS PRIVATE LIMITED,14,3.9
Busigence Technologies,14,3.6
Movate Technologies,14,3.1
Mindshare,14,3.5
Flexsin Technologies,14,3.8
ti Steps,14,3.9
Fortune India 500 IT Services Company,14,3.6
Black and white Business Solutions,14,3.6
Black and white Business Solution,14,3.6
Salesforce,14,3.9
Protiviti India,14,2.7
Alstom,13,3.7
Oxane Partners,13,3.18
Rapsys Tech Solutions,13,3.6
Larsen & Toubro (L&T),13,3.83
LatentView,13,3.4
Prolegion,13,3.5
QX Global Group,13,3.0
Grant Thornton India Pvt Ltd,13,3.4
CAI,13,2.96
Clarivate,13,3.7
Rezultize,13,3.6
Heptarc Talent Acquisition,13,2.1
CareerFit.ai,13,3.6
Iqvia Biotech,13,3.4
Startek,13,3.0
Microland,13,3.5
Bean Hr Consulting,13,3.6
Finicity,13,3.6
TEKsystems,13,3.6
Sykes,13,3.4
Umbrella Infocare,13,4.4
Bharatcares,12,3.8
Macquarie,12,3.1
Brighttier Inc,12,3.6
PwC India,12,3.3
House of Edtech,12,4.2
Iflow,12,4.7
Prgx India,12,3.32
Pfizer,12,3.9
Goldman Sachs,12,3.4
Go Digital Technology Consulting,12,3.7
Visteon,12,3.1
Varite,12,3.6
Renalysis Consultants,12,2.7
Andre Consultancy Services,12,3.6
Clearwater Analytics,12,2.6
Gartner for HR,12,3.8
LogiNext,12,2.0
Bot Consulting,12,4.7
Fujitsu,12,3.8
MNC Group,12,3.6
TUV SUD South Asia,12,4.0
client of Kaizen,12,3.6
bp,12,3.7
Xpheno,12,3.6
Fortis,12,4.0
Level Ai,12,2.4
Schneider Electric India Pvt. Ltd.,12,4.1
Sparta Systems,12,4.1
anblicks,12,4.1
E Tech Software,12,3.6
Nvidia,12,3.5
Right Step Consulting,12,3.6
McCormick India,11,4.4
Forage Ai,11,3.5
thinkahead,11,3.3
Exzeo Software,11,3.9
Bluesoft Software Solution,11,3.6
Beinex,11,2.2
Stryker,11,3.9
Bayinfotech,11,3.6
Top MNC,11,3.6
GSPANN,11,4.0
iQor,11,3.3
Xoom,11,3.6
Makemytrip,11,3.4
Siro Clinpharm,11,3.76
Equinix,11,3.2
Nucleusteq Consulting,11,3.8
Nielsen Sports,11,3.8
Westernacher Consulting,11,4.1
Nextmeta Labs,11,2.2
Optimum Solutions,11,3.2
HCP Wellness,11,3.9
Legato,11,3.9
Leokraft Technologies,11,3.6
Aidaptive,11,3.6
Razorthink,11,3.3
CoreOps.AI,11,3.9
Diensten Tech,11,2.9
Delphic India,11,4.7
Kroll,11,3.4
WNS Holdings,11,3.3
Kiash Solutions LLP,11,3.6
Visa Consolidated Support Services India,11,3.5
Vmock,11,2.1
Quest Global,11,3.5
Infobeans,11,3.3
Iflowtech Solutions,10,3.6
Times World Information Technology,10,3.6
Algoworks,10,3.1
Landis Gyr,10,2.8
Trigyn Technologies,10,3.8
Infineon,10,3.6
Delhivery,10,3.8
Kloud9,10,3.8
Praxis Consultants,10,3.7
Clarice Technologie,10,3.4
Route Mobile (RML),10,3.4
Orants Ai,10,1.4
APM Terminals,10,4.3
Cradlepoint,10,3.6
Jade Global,10,3.4
Amantya Technologies,10,3.9
Castrol,10,4.3
Celebal Technologies,10,3.0
Mendine Pharmaceuticals,10,4.5
BMW Techworks India,10,3.0
Fidelity International,10,3.6
Wolters Kluwer - Medknow Publications,10,3.6
Experis,10,3.6
Everforth Quinnox,10,3.9
GE VERNOVA,10,4.1
Atos,10,3.8
Aziro,10,3.6
Avance Consulting Services,10,3.6
Freelancer,10,4.05
MUFG Bank,10,3.5
Swiss Re,10,3.8
Foreign IT Consulting MNC,10,3.6
Innodata India,10,3.7
TMF Group,10,3.8
Naukri Expert Assist,10,3.6
Net Connect,10,3.1
Zydus Hospitals,10,4.3
Nityo Infotech,10,3.2
MNC,10,3.6
Publicis Sapient,9,3.2
Cushman & Wakefield,9,4.1
Quadrant Technologies,9,3.8
Crimson Interactive,9,2.5
AMK Group,9,3.6
Codincity Digital Technologies,9,4.7
Devlats,9,4.4
Emperen Technologies,9,3.6
Nexturn,9,3.9
Shell Pvt Ltd,9,3.9
Wells Fargo,9,3.6
athenahealth,9,3.9
Newgen,9,4.1
Motorola Solutions,9,3.9
Intersources Inc,9,3.5
Net2Source,9,3.6
Netomi,9,4.0
Ericsson,9,3.9
American Express Global Business Travel,9,4.1
Ahana Systems & Solutions,9,3.8
Sigma Allied Services,9,3.6
Simplify Healthcare,9,2.6
Abbyy,9,2.8
ACL Digital,9,3.6
Bamboo Works,9,3.6
Taskus,9,3.0
Hir Infotech,9,4.5
Techokids,9,4.0
TechKnowledgeHub.org,9,3.6
Triumphant Itcs,9,4.9
Stemford India,9,4.5
Apex 2000 INC,9,3.3
Boosta,9,3.7
Statusneo Technology Consulting,9,4.1
Apple,9,4.3
Bharti AXA General Insurance,9,3.6
Supplycopia Software Services,9,2.6
Udacity,9,3.4
Syneos Health,9,3.6
RSM US in India,9,3.4
Credera,9,3.1
Orcapod Consulting Services Private Limited,9,3.6
Rackspace Technology,9,3.7
ORMAE (Operations Research Machine learning & Analytics Experts LLP),9,2.7
Thoucentric,9,3.7
Cvent,9,3.2
Cummins,9,4.3
Thomson Reuters,9,3.7
ISS Corporate Solutions,9,3.6
Jalopeura Technology,9,5.0
Learningmate Solutions,9,2.9
Securens Systems,9,3.9
Convergepoint,8,3.7
OYO,8,3.0
Version 1,8,3.7
Analytics Vidhya,8,3.8
Service Industry,8,3.6
Cerebraix,8,3.6
Cisco,8,4.1
Leading IT Software Company,8,3.6
LexisNexis Risk Solutions,8,3.6
SG Analytics,8,2.5
Elaarson Industries,8,3.6
ELF Beauty,8,3.2
Airtel,8,3.8
RIMES,8,3.6
Hurix,8,3.1
ICICI Lombard,8,3.5
Knowledge Park,8,2.9
Infinite,8,3.25
Lam Research,8,3.8
Thales India Pvt Ltd,8,3.6
Think People Solutions,8,3.6
Availity,8,2.8
9yards It Technology,8,4.4
Fortune 500 IT MNC,8,3.6
Highstreet It Solutions,8,2.7
Axa Xl,8,3.7
Trinity Life Sciences,8,3.6
Mastek,8,3.6
Target,8,4.0
Tavant,8,3.8
Bandhan Life Insurance Limited,8,3.2
Big 4 Consulting Firm,8,3.6
Synopsys,8,3.5
Suzega,8,3.6
Blackstraw Technologies,8,4.3
ABB,8,4.0
client of kaizen,8,3.6
Staffice Global,8,3.6
FCS Software Solutions,8,3.7
IntraEdge Technology,8,3.7
Aepl,8,3.2
Geoconsultants India Services,8,3.6
First Solar,8,4.0
First Source Energy India,8,3.6
Medcare Hospital & Medical Centres,8,3.6
Mindrift,8,3.6
Figmenta,8,3.6
Naghavi Fintech,8,3.6
Snapdeal,8,3.6
NXG World,8,3.6
National Institute for Smart Government (NISG),8,3.6
Coverforce,8,3.6
Gratitude India,8,3.6
Orcapod Consulting Services,8,3.6
Black Poison Tattoo Studio,8,3.6
World Courier,8,4.6
Aditya Birla Insulators,8,3.5
Exponentia.ai Private Limited,8,3.7
Sophos,8,3.7
CMM Level 5 IT Company,8,3.6
Screen Rant,8,3.6
Payoneer,8,3.7
Saint Gobain,8,3.8
LeadWinner,8,2.5
Hsbc,8,3.8
Proclink,8,3.5
Gigafactor Solutions,8,3.6
Bold Technology Systems,8,3.0
Indium Global Services,7,3.6
Transunion,7,3.57
Artech India,7,3.6
Aryavart Institute Of Technology,7,2.0
Armanino,7,3.7
Thrise,7,3.9
Honeybee Tech Solutions,7,3.6
India's Largest IT Service Provider,7,3.6
Huron,7,3.6
Dayforce,7,3.9
Geotechnosoft,7,3.6
Dev Solutions,7,4.9
Plasma Softech,7,3.6
Qualtech Edge,7,3.6
R1 RCM,7,3.8
Seven Consultancy,7,3.6
Vconstruct,7,3.7
Service based MNC in B2B IT Services Sector,7,3.6
Sanfoundry,7,3.6
Claight Corporation Expert Market Research,7,4.0
SES Global Technology Services,7,4.8
SRS Infoway,7,3.6
SSTech System,7,3.8
Nokia,7,4.0
Leading MNC,7,3.6
Numentica,7,4.6
Novo Nordisk,7,3.6
Cloudsufi,7,3.0
E2M Solutions,7,3.5
Dtcc,7,3.7
Itisconfidential,7,3.6
Globiva,7,3.0
Earnin,7,3.6
Easemytrip,7,4.0
Rentokil Initial,7,3.5
E Billing Solutions (EBS),7,4.1
Kinara.ai,7,3.8
WPP,7,2.8
Rapid Canvas,7,4.0
DBS Bank,7,3.7
Prudential Corporation Asia,7,3.6
Smiths Detection,7,3.7
Angel One,7,3.5
Next Business Services India,7,3.6
Epsilon Data Management,7,3.6
Neoware Technology Solutions,7,3.5
Zymr Systems,7,3.19
Adani Transmission (ATL),7,3.6
MSCI Services,7,3.6
Acciojob,7,3.5
Anlage Infotech,7,3.6
Eurofins,7,3.2
Wissen Technology,7,3.8
NS Global Corporation,7,3.6
Brillius,7,4.0
Somnetics Som Imaging Informatics,7,4.0
Mondelez,7,4.1
Yogini Tradex,7,3.6
Niva Bupa Health Insurance,7,4.0
Binance,7,3.1
T&N Business Services,7,4.71
Superstuff,7,3.6
Symmetry Systems,7,3.6
ABB Ltd,7,4.0
A1 Human Wealth Management,7,3.6
Metlife,7,4.0
Xebia It Architects,7,3.0
Material+,7,2.7
Matangi Industries,7,3.3
Twilio,7,3.9
US MNC (Analytics),7,3.6
BMC Software,7,3.9
Marktine,7,4.0
HighSpring India LLP,7,3.1
tekskills india pvt ltd,7,3.6
Tecnimont,7,3.8
Team Computers,7,3.6
teamplus staffing solution,7,3.6
tekskills india,7,3.6
TD Synnex,6,3.8
Svitla Systems,6,3.6
oaknorth.ai,6,2.9
ITC Infotech,6,3.8
i2e Consulting,6,4.0
2coms,6,3.1
Barclaycard Payments,6,3.8
Zscaler LATAM,6,3.3
ZoomRx Healthcare Technology Solutions,6,2.7
Growexx,6,2.8
John Crane Sealing Systems India,6,3.4
HARMAN India,6,3.8
Jero Technologies,6,3.6
Jefferies Financial Group,6,2.2
Guidehouse,6,3.6
Srijan- A Material+ Company,6,3.1
Srijan Spectrum,6,3.0
KSB,6,3.7
Kenvue Brands LLC,6,3.6
Arsr Technologies,6,3.6
Sisl Infotech,6,3.5
Calderys India Refractories,6,4.1
Silverline It,6,3.6
CDM Smith,6,3.6
Amgen Inc,6,2.8
Taffi,6,3.6
Circle Internet Tech,6,3.6
Sbicap Securities,6,3.6
Cashos Technologies Pte Ltd,6,3.6
Seleccion Consulting,6,1.6
Certifyos,6,2.9
Cerebra,6,3.0
Codersarts,6,3.6
Rysun Labs,6,3.4
Client of Sampoorna Consultants Pvt. Ltd,6,3.6
Saarthee,6,3.7
SUMOLOGIC TECHNOLOGIES PRIVATE LIMITED,6,3.3
Saicon Technologies India,6,3.8
Classic Marble Company,6,3.5
Velocitai Digital,6,2.8
Amnex,6,3.9
Amiseq,6,3.8
Tarento Technologies,6,3.7
Zennial Pro,6,2.0
Getronics,6,4.3
Getinz Techno Services,6,3.8
Leading IT Firm,6,3.6
Gebbs Healthcare Solutions,6,3.8
Geak Minds,6,4.7
Livecareer India,6,4.1
M&G plc,6,3.1
MKS Instruments,6,3.0
Futran Tech Solutions,6,3.8
Retisio,6,4.8
Confidential,6,3.6
Cognitive View,6,3.6
Robusta Technology Group,6,3.6
Codeclouds It Solutions,6,3.9
Vinove Software,6,3.4
Vimerse Infotech,6,3.1
Vijay Mamra,6,4.8
Credence Resource Management,6,3.0
Randstad,6,3.68
Consulting Firm,6,3.6
Tata Consultancy Services(TCS),6,3.6
Arise Solutions,6,3.6
Macgence,6,3.0
MS Guide World,6,3.6
MMK Enterprises,6,3.6
Mancer Consulting Services,6,4.6
Marsh McLennan,6,3.8
Precision Medicine Group,6,3.9
Programmers io,6,3.9
Cybernetics Controls,6,3.6
Crowdstrike,6,3.9
BDO India,6,3.2
Pearson,6,3.9
Perpetuity Capital,6,4.9
Porter,6,3.5
Deloitte Shared Services India,6,3.6
Decimal Point Analytics,6,2.7
TechBlocks,6,3.2
Fiserv,6,2.8
Mckinsey & Company,6,3.8
Finbox,6,3.5
Mindteck,6,3.0
Exxon Mobil Corporation,6,3.7
Mott Macdonald,6,3.9
Mphasis,6,3.3
Techcronus,6,4.2
Egon Zehnder,6,3.6
Olam International,6,3.7
Owens & Minor,6,3.6
Netlink Software,6,3.2
Aerobotics7,6,3.6
Aeries Technology,6,3.1
Emerson,6,4.0
Arahas Technologies,6,3.6
Tekskills.Inc,6,3.6
NICE,6,4.4
Advantmed,6,4.1
Whizz Edu Tech,6,3.6
Navsan,6,4.4
Enfuse Solutions,6,4.0
Artex Risk Solutions,6,3.6
India Health Link,6,2.5
Info Services,6,3.8
Hitachi,6,3.9
Hiringhood,6,4.15
Srijan,6,3.1
Spigot Software,6,3.6
Starbucks,6,4.0
Staples,6,3.2
Stimuler,6,1.5
tekskill,5,3.6
IT Services Company,5,3.6
Bloom Energy,5,3.8
Blue Altair,5,3.8
Sunovaa Tech,5,3.6
Stark Industries,5,4.9
Unify Technologies,5,2.8
Unitedlex,5,2.6
Brahma Strategies,5,3.6
Brainvire Infotech,5,2.8
Sprinto Hq,5,2.4
Billennium,5,3.9
Bharat Earn Technology,5,3.6
Inorg,5,4.3
Highbrow Technology Inc,5,2.8
Instatalent Recruit LLP,5,3.6
banking,5,3.6
Hitech Digital Solutions,5,3.7
eTeam Inc.,5,3.6
Indo Fuji Information Technologies,5,3.6
ICU Medical,5,3.9
INGRAM MICRO PLATFORM TECHNOLOGY INDIA PVT LTD,5,3.7
Armakuni,5,4.7
Aumni Techworks,5,4.0
Environmental Resources Management (ERM),5,2.9
Equal Experts,5,4.2
Ness Digital Engineering,5,3.2
Nasdaq,5,3.4
NPS Prism,5,2.5
Eucloid Data Solutions,5,4.0
Winfort,5,3.6
Wize Careers Consultants,5,3.6
Techwize,5,3.6
Teckvalley India,5,3.52
Webkit24,5,3.6
Weblineindia,5,4.4
Nium India,5,3.3
Nordex Engineering And Technology,5,2.8
Elev8 Education,5,3.6
Elevation Capital,5,3.6
Aeris Communications India,5,2.8
Affinity Global Advertising,5,2.8
NiCE,5,3.6
Nextloop Technologies,5,4.6
Awesome Analytics,5,5.0
BDO International Limited,5,3.2
Penthara Technology,5,3.6
Panapps,5,3.8
Airlinepros International Service Center,5,3.6
OrangeMantra,5,3.6
Dow Chemical International Private Limited,5,3.5
Oracle,5,3.3
Agneyas Labs,5,2.9
Edifecs Technologies,5,3.8
Einfochips,5,3.5
Aristok Technologies,5,2.7
Fresh Gravity,5,3.8
Mullers Solutions,5,3.6
Expleo,5,3.5
Adalat Ai,5,3.6
Addepar,5,3.7
Miracle Corporate Solutions,5,3.8
Feather Thread Corporation,5,4.9
Millennium Management,5,2.5
Tristha Global,5,4.3
Poshmark,5,4.0
Deloitte Consulting,5,3.6
Pracyva Consulting Services,5,2.4
Pradeepit Consulting Services,5,4.6
Aivantage Global,5,3.6
Vservice It Solutions,5,4.6
Pharmaforceiq,5,3.6
Diggibyte Technologies,5,3.4
Pharmsight,5,4.4
Pattern Technologies,5,4.3
QualityKiosk,5,3.2
Virtualace In,5,3.6
Qnance,5,3.6
Prodapt Solutions,5,3.5
Data Economy,5,4.0
Visit Health,5,3.1
Vitestork Consulting,5,4.8
Pri India It Services,5,3.6
Tech Holding,5,3.9
BNYMellonInternationalOperations(India) PrivateLim ited,5,3.6
Tellius,5,4.1
Termgrid,5,3.6
Xerago B2B,5,3.6
Mapps It Services,5,2.3
Foundation Ai,5,3.4
Xiotz,5,2.2
Xoriant,5,4.0
MSC Technology,5,4.0
MTC Pvt Ltd,5,3.6
Mactores Cognition,5,3.5
Tata Communications,5,3.8
Cornerstone India,5,3.2
Continental,5,3.7
Rategain,5,3.7
Cornerstone,5,3.28
Radiant Digital Solutions,5,3.3
Rankitright Media(opc),5,4.1
Vinove Software Services Pvt Ltd,5,3.4
R C W M A S Global,5,3.6
Criticalriver,5,2.9
Crompton Greaves Consumer Electricals,5,3.7
Russell Investments,5,3.6
Codeelan Technologies,5,3.6
Codefeast Enterprises,5,3.6
Roku,5,3.7
Commerciax Infotech,5,3.6
Colgate-Palmolive (India),5,3.9
ColumbiaSportswearCompany,5,3.4
Connectfor,5,3.4
Resilinc,5,2.9
Aarka,5,3.6
Koantek,5,3.2
Frisco Analytics,5,3.6
Frogdata,5,5.0
MAN TRUCK BUS,5,2.4
G4S,5,4.0
YO It Consulting,5,3.6
Yes Bank,5,3.7
Accely,5,3.9
Accion Labs,5,3.5
Yipitdata,5,3.8
Localization Academy,5,3.6
The Omnihire,5,3.6
Kaizen,5,3.6
Growth Jockey,5,3.4
Attero Recycling,5,4.4
Lumasense Technologies,5,3.6
Lumen Technologies,5,4.14
Lennox India Technology Centre (LITC),5,3.6
Gedu Services,5,3.6
Z2plus Placement & Security Agency Pvt. Ltd.,5,3.6
Aark Global,5,2.6
Turing Global India,5,3.24
Amh Services,5,2.38
Amherst Group,5,2.1
Velodata Global,5,3.6
Codaemon Softwares,5,3.4
Altera Corporation,5,3.6
Appzlogic,5,3.1
Bentley Systems,5,4.1
Schneider Electric,5,4.1
Sciative Solutions,5,3.8
Sarvagram Fincare,5,3.84
Savantys Solutions,5,3.6
Citco,5,3.1
"Cittabase Solutions Pvt Ltd.,",5,4.2
Taazaa Tech,5,4.0
Som Imaging Informatics,5,4.0
Softtek,5,3.8
Solytics Partners,5,3.0
Smith & Nephew,5,3.6
C5i,5,4.3
CRE Matrix,5,3.3
Cadence,5,3.9
Calpion Software Technologies Private Ltd,5,3.5
ValGenesis,5,3.0
Sia Partners,5,4.48
Intech Systems,5,3.7
Krayo,5,3.8
Global MNC,5,3.6
Globlyn Technology,5,3.6
Kanini Software Solutions,5,3.8
Graphene Ai,5,2.7
Gravitie Knowledge Services,5,3.4
Green Clover,5,3.6
KKR India Asset Finance,5,2.7
Toonsutra,5,5.0
Aspera Advisors,5,3.6
Assurex India,5,2.7
Themathcompany,5,3.1
Guidewire Software,5,4.1
Gyantu,5,3.6
Hackajob,5,3.6
AMS,5,3.6
Interview Kickstart,5,3.8
AI Fund,5,3.6
Baxter,5,3.8
IT MNC,5,3.6
10decoders,5,2.4
rigbot.com,5,4.3
Big Data Exchange,5,3.6
TALENTPULL AND INFRASTRUCTURE PRIVATE LIMITED,5,3.6
Apex Engineering Solutions,5,3.6
Apphienz,5,3.6
Applyboard,5,2.5
Total Automation Solutions - Healthosphere,5,3.9
IT Industry,5,3.6
66degrees,4,3.4
tekskills,4,3.6
360 Degree Cloud Technologies,4,3.8
IT Services & Consulting,4,3.6
A Global Giant,4,3.6
IT,4,3.6
Ignitho,4,3.2
Im24x7 Delta Solutions,4,2.4
Indo French Chamber of Commerce and Industry (IFCCI),4,3.6
eBay,4,3.6
Infusemedia,4,3.0
Indus Valley Partners,4,2.8
Indusa,4,4.9
Innominds Software,4,3.2
Home Credit,4,4.0
A.P. Moller Maersk,4,3.9
AArete,4,4.1
Uber,4,4.1
Ujjivan Small Finance Bank,4,4.0
Ultahost,4,3.6
Umanist India,4,3.6
syniti,4,4.4
Here Technologies,4,3.7
Tpgi,4,3.6
ags,4,3.6
ADA Global,4,4.0
ADROITENT,4,3.4
Haleon,4,3.5
Integrated Personnel Services,4,3.6
Harjai Computers,4,3.6
HashedIn,4,3.9
Iron Mountain,4,3.7
HT Digital Streams,4,2.7
Zivanta Analytics,4,4.1
Jean Martin Systems,4,3.9
Jet2 Travel Technologies,4,3.3
Jio Institute,4,4.2
Kalam Academy,4,4.7
Jrk Infotech,4,4.1
Jubilant FoodWorks (JFL),4,3.7
GroundTruth Careers,4,3.3
KP Group,4,4.2
KPMG India,4,3.45
Toast,4,3.9
Aspire Systems,4,3.8
Think 360,4,3.9
"Key Management Group, Inc.",4,3.4
Group Bayport,4,4.2
Keysight Technologies,4,3.8
Zentek Infosoft,4,3.9
Systechnosoft Technologies,4,3.6
Systems Plus Solutions Pvt Ltd,4,4.2
Apollo Global Management,4,3.1
Golden Management Services,4,3.6
Atlas,4,3.5
Konkem Industries,4,4.0
Konrad Technologies,4,3.6
Kosqu Technolabs,4,3.6
Asite Solutions,4,3.1
Geekyants,4,3.3
General Mills,4,3.97
Krish Technolabs,4,3.9
Glance,4,3.4
Glencore,4,3.5
Learntastic,4,3.0
Legistify,4,2.3
Yotta Infrastructure,4,3.7
Stride India,4,3.6
GIG Consultants,4,3.6
Lofty Technologies,4,2.8
Louis Dreyfus Company,4,3.8
Love In Store,4,4.0
GAC Solutions,4,3.8
Fusionpact Technologies,4,4.7
The Art Of Living Human Resources,4,3.6
Trigent Software,4,3.6
Arise Solution,4,3.6
Magic Finserv A Unit Of Magic Software,4,3.4
Majulah Infotech,4,4.0
Manpowergroup Services India,4,3.6
Mantras2Success Consultants,4,3.6
Ford,4,4.1
Blue Planet Solutions,4,3.0
Blue Yonder,4,3.6
Unified Infotech,4,4.2
Masters Union,4,2.9
Xenon7,4,3.6
Wsp Consultants,4,4.1
Wynploy,4,3.6
Xebia Academy Global,4,3.6
Mercados Energy Markets,4,3.3
Metabase,4,3.6
Mckinsol Consulting,4,2.5
Medhavi Skills University,4,4.2
Microchip Technology,4,3.8
Millennium Organisation,4,4.3
Firstcall Hresource,4,3.6
Medreview,4,3.6
Medusind,4,3.4
Meeden Labs,4,3.6
Megalog Softwares,4,3.6
Antino Labs,4,2.9
Aon,4,3.8
Stalwart Themius,4,3.6
Steady Rabbit,4,3.9
Mindwise Technologies,4,3.6
Minfy,4,3.0
Finoit Technologies,4,3.8
Mhtechin,4,4.2
Facility Performance Consulting,4,3.6
Mobio Solutions,4,3.2
FORVIA HELLA,4,3.7
Moneymul Technologies Pvt Ltd,4,3.6
Boston Analytics,4,3.0
Srivango,4,3.6
Brand Catalyst Media,4,4.4
Brickwork Ratings (BWR),4,3.4
Mongodb,4,3.6
Moody's Analytics,4,4.0
Morgan Stanley,4,3.6
Morningstar,4,3.7
Eyeota,4,3.6
Myers Holum,4,3.6
Aurigo Software Technologies,4,4.6
Mypcot Infotech,4,4.2
Evanti Tech,4,3.6
Evoke HR Solution,4,3.6
Wintech Services India Pvt Ltd,4,3.6
Excelra,4,3.45
Bottom Line,4,3.4
Bristlecone,4,3.6
Broadridge,4,3.8
NIMOY.AI,4,3.6
Ergode It Services,4,3.2
Espire Infolabs,4,2.3
National Payments Corporation of India (NPCI),4,4.0
Teesta Investment,4,3.6
Noida Institute of Engineering Technology (NIET),4,3.2
Ekloud Data Labs,4,3.6
Nutrabay,4,4.5
Agileengine,4,4.6
Agilent Technologies,4,3.9
Agilo Research,4,4.0
Techmasters Infomatrix,4,3.6
Aqilea,4,4.6
Sopra Steria,4,3.9
Buildingblocks Software Services,4,2.8
Boston Consulting Group,4,3.6
Ocwen Financial Corporation,4,3.8
Eice Technology,4,5.0
Ediffy,4,4.0
Edgemed Healthcare,4,3.6
Onemagnify,4,4.2
Drishti Ferry,4,3.6
Droisys,4,3.3
Docusign,4,3.6
WIN Home Inspection,4,3.9
WM UNIVERSAL SOLUTIONS PRIVATE LIMITED,4,3.7
Wadhwani Ai,4,3.8
PURVIEW,4,3.6
PRI Global,4,3.6
TechF,4,3.6
TOP MNC Company,4,3.6
Tcg Digital Solutions,4,3.3
TeamLease,4,3.6
Pelocal,4,2.85
Vrinda Global,4,3.6
Vrize,4,3.3
VyntraPro Innovation,4,3.6
Digital Aptech,4,4.4
Perficient,4,3.7
Peroptyx,4,3.2
Pgagi,4,4.4
Dhurin,4,2.4
Pocket Fm,4,2.7
Porch,4,3.6
Pioneer Infotech,4,3.38
Two95 International,4,4.0
Applicate,4,3.4
Spectral Consultants,4,3.6
Speraspect,4,3.6
Tata Electronics (TEPL),4,3.9
Tata Power,4,3.9
Decisiontree Analytics & Services,4,4.2
PrimaFelicitas,4,2.2
Alcatec Research Laboratories,4,2.5
Precision For Medicine,4,3.5
Pro Ultimus,4,1.2
Procdna,4,4.0
Primohunt Corporate,4,3.6
Vlaunchu,4,3.5
Prisma Global,4,2.3
Data Patterns,4,3.3
DTDC Express,4,3.7
Solventum,4,4.4
Prodcon Tech Services,4,3.6
Pulsehrm,4,3.6
Puresoftware Technology,4,2.9
Cybage,4,3.7
Cynet,4,3.1
Virtues R & D,4,4.4
Talentzo Delhi,4,3.6
Talworx,4,3.6
Tata Technologies,4,3.4
Quickbase,4,3.2
Quincy Compressor,4,3.6
CrossAsyst,4,3.1
Rabbit And Tortoise Technology Solutions,4,2.8
Radiansys Technologies,4,3.5
Societe Generale Global Solution Centre,4,3.6
CS Disco,4,3.9
Randomtrees,4,3.9
Red Hat,4,4.3
Relevantz Technology Services,4,3.6
Reliance Foundation Institution Of Education And Research,4,3.9
Taskus India,4,3.0
Talent Corner HR Services,4,3.6
Talent Smart Soft Solutions,4,4.0
Viga Entertainment Technology,4,4.7
Viaprom Technologies,4,3.9
Vichara Technologies,4,3.6
Tanisha Systems,4,2.8
Compunnel,4,3.7
Revvity Healthcare,4,3.8
RiDiK,4,3.8
SmarTek21,4,3.4
CMMI Level5 Company!,4,3.6
Robosoft Technologies,4,3.3
Comprinno Technologies,4,3.6
Comfrt,4,3.6
Codepanda Academy,4,4.5
Coderea,4,3.6
Talent Toppers,4,3.6
Apptad,4,4.2
Verdantis,4,3.6
SE2,4,3.3
SI UK,4,4.0
Ventures Hrd Centre,4,3.6
SS&C Technologies,4,3.2
SSP Solutions,4,3.6
Cloudthat Technologies,4,4.0
SBI Card,4,3.6
V2soft,4,3.5
Anheuser Busch InBev,4,3.3
CSG,4,3.5
Cloudesign,4,4.2
Cloudforti,4,3.6
Safeway Insurance,4,3.0
Ameriprise Financial,4,3.5
Amici Global Solutions,4,4.0
Vensure,4,3.7
Aptech Limited,4,3.0
Tudip Technologies,4,3.4
TSIT Digital,4,3.6
Cigna Medical Group,4,3.0
Samatrix Consulting,4,3.3
Sapiens,4,3.1
Scymes Services,4,3.4
Sberbank,4,3.2
Bayer Zydus Pharma,4,3.5
Best Egg,4,3.6
ValuePoint,4,3.5
Valuedx Technologies,4,3.5
Analytics Liv Digital,4,4.7
Capital One,4,3.5
Sgvp Holistic Hospital,4,4.0
Shaip Ai Data (india),4,3.5
Sigmoid Analytics,4,3.8
A Client of Anlage,4,3.6
Idexcel,4,3.15
Toppan Merrill,4,3.8
Imurgence,3,3.6
Datametica,3,3.0
Natobotics Technologies,3,4.2
Navia Energy,3,3.6
Nauticalinfo Solutions,3,3.6
Dataalpha Ai,3,3.6
Dbiz.ai,3,3.2
NJ Group,3,3.7
Swift-logix Solutions,3,3.6
NEC Software Solutions,3,3.9
Wiley,3,3.8
Bitbybit Solutions,3,3.6
Bista Solutions Inc,3,3.6
Deets Digital,3,2.8
Deepspatial,3,4.6
Adytuminfotech,3,3.6
Adyog,3,5.0
Bharatnxt,3,4.6
Alcon Laboratories,3,3.8
Bolster,3,3.9
Vivirooms Ecomm,3,1.0
Vivid Techno Solutions,3,3.6
Spring Health Water,3,4.9
IT Sphere,3,3.6
Bright Infotech,3,2.4
Priceline,3,3.7
"inVentiv Health Clinical SRE, LLC",3,3.6
Tata International,3,3.5
iit jobs,3,3.6
Tata Elxsi,3,3.4
Exide,3,3.4
Exela Technologies,3,3.2
BM Digital,3,3.6
Tata Capital,3,4.0
Shell Info Technologies,3,3.47
Shavish HR,3,3.6
NCS Group,3,4.2
Myvirtualdesks,3,3.6
Azul Arc,3,4.5
Azentio,3,2.6
Deals4loans,3,3.6
Capita,3,3.5
CapeStart,3,4.5
Devangles Software,3,3.3
NTT DATA,3,3.67
Dentsu Global Services,3,3.6
Adhiran Infotech,3,5.0
Winzo,3,4.2
Winjit Technologies,3,3.5
Valueonshore,3,3.57
Evince Development,3,4.1
ValueAdd,3,4.1
Valeo,3,3.9
Tecnoprism,3,3.6
Pramerica Life Insurance,3,3.7
Techy Geek Hub,3,4.3
Pragyan School,3,3.1
Prabha Solutions,3,3.6
Denodo Technologies,3,3.5
Technical Offerings & System Solutions,3,3.6
V2 Retail,3,3.3
TMP Worldwide,3,3.6
Better Mortgage,3,3.0
V Patrol,3,1.6
TMD - The Modern Dimension,3,3.6
Ansell,3,3.6
TIGI HR SOLUTION PVT. LTD.,3,3.6
Anrgi Tech,3,3.6
Applied Materials,3,3.7
Mycitypune,3,3.6
Expert App Devs,3,4.9
Appinventiv Technologies,3,3.9
Experian,3,3.8
Multinational Company,3,3.6
Multicloud4u Technologies,3,5.0
Cct Digisol,3,3.2
Cbts,3,3.9
Msbc Group,3,3.8
Sensabyte Technologies,3,3.6
Seikor,3,3.6
Mr. Cooper Group,3,4.0
Primesoft Solutions,3,3.4
Seaportai,3,3.6
Myridius x Aethereus,3,3.0
Simpliigence,3,3.7
Mount Talent Consulting,3,3.6
Pice App,3,3.5
Candescent,3,3.4
Motivity Labs,3,3.1
Popreach Technologies,3,4.9
Shyftlabs,3,2.8
Shreeyaansolusmart,3,4.0
CareerFocusConsultancy,3,3.6
Cardinal Health,3,4.1
Cardinal Drugs Ltd.,3,3.6
Motilal Oswal Financial Services (MOFSL),3,3.7
United HR Solutions,3,3.6
Bravura Solutions,3,3.7
Signify,3,3.4
Pmr Softtech,3,3.6
Srmb Srijan,3,3.5
Boomi Software,3,3.7
Bombay Softwares,3,4.6
Devotrend,3,3.6
Voiceplug,3,3.6
Modulr,3,3.8
Mobitrail,3,3.2
Fastly,3,3.6
Philips,3,3.8
Familybuds,3,3.6
Facts N Data,3,4.5
Placement Pandits Consulting,3,3.6
Mindera,3,4.7
Worldline,3,3.6
World Wide Technology,3,4.1
Mibura,3,3.6
Finthrive,3,3.4
Finjo,3,3.6
Circles,3,3.0
Circle K,3,3.0
Dew Solutions,3,3.4
Petpooja,3,3.9
Mindtickle,3,2.5
Digital Global Services,3,4.2
WFA Consultants,3,3.6
University Of Cambridge,3,4.9
Satsure Analytics,3,3.2
Sarvam,3,3.6
Fecund Software,3,4.7
Meesho,3,3.7
Voya India,3,3.6
Medpace Clinical Research India,3,3.2
Fiftyfive Technologies,3,4.3
True Choice,3,3.6
Miles IT,3,3.8
TTK Services,3,3.3
Pegasus Knowledge Solutions (PKSI),3,4.1
Flexm,3,3.5
Flexera Software,3,3.8
Beckman Coulter,3,3.4
Tsys Global Solutions,3,4.1
Acro Technologies,3,3.6
Xceltec,3,3.9
First Meridian Business Services,3,3.6
First Citizens India,3,3.9
First Advantage,3,3.4
Mauve Technologies,3,3.6
Tekclan,3,4.3
Veeda CR,3,3.4
TekPillar,3,3.6
Diageo,3,3.8
Amlgo Labs,3,4.1
Peoples Growth Hr Solutions,3,3.6
Trigger Education Services,3,3.6
Matsci Ai,3,3.6
Sandhata Technologies,3,3.5
Fluor,3,4.1
Stratycon Business Solutions Pvt Ltd,3,3.6
Blue Chip Hr Solutions,3,3.9
Forneu,3,3.6
BLACK & WHITE BUSINESS SOLUTIONS,3,3.6
Magna International,3,3.8
Fortune 500 Product-based MNC,3,3.6
Saguna Consulting Services,3,3.6
Mansa Inc.,3,3.6
Sagittarius Communications,3,3.6
Magellanic Cloud,3,2.0
Squirrel Softech Services,3,4.4
Mango Sciences,3,4.9
TRY Logic Soft Solutions,3,4.2
Manektech,3,3.0
TOP MNC,3,3.6
Anra Technologies,3,2.0
Fountain9,3,3.6
Useready,3,3.1
Majesco,3,2.9
Mabbit Communications,3,3.6
MOL Information Technology India Pvt Ltd,3,3.5
Uparcel,3,3.6
Client of Connexion Group,3,3.6
Client of CAREER PATRONAGE,3,3.6
Client of Anthroplace,3,3.6
Skyleaf Consultants,3,3.6
CSB Bank,3,3.2
Magenta Ev Solutions,3,3.5
Unlimited Innovations,3,3.2
AnandRathi,3,3.4
Fugro,3,2.8
VDartDigital,3,2.9
Aristocrat,3,3.6
Tresvista Financial Services,3,2.2
Capital Placement Services,3,3.6
Trbitix,3,4.0
Ydts Global,3,3.6
Fusemachines,3,4.0
Futurepath Ai,3,3.6
Future Search&selection,3,3.6
SVP Infotech,3,3.6
Lubi Electronics,3,3.8
Logmein,3,4.4
Galaxy Capital Partners,3,3.6
Accrete.AI,3,4.0
Teliolabs Communication,3,3.9
Clsa,3,3.1
The Scholar,3,3.1
SRM Technologies,3,3.4
SRKay Consulting,3,2.9
The Hi Tech Robotic Systemz,3,3.9
Gateway International,3,2.7
Leading ITES Company,3,3.6
GS Lab Gavs,3,3.7
Linkageit,3,3.6
Verdantas,3,3.6
Amazon,3,3.9
PTC,3,4.2
Levi Strauss,3,4.2
Miracle Solution,3,3.6
Wabtec,3,4.0
Lets Viz Technologies,3,3.6
Rxlogix Corporation,3,2.2
Airamatrix,3,2.3
Air Liquide,3,3.5
SEO Orb The Growth Acceleration Framework,3,1.3
Aionos,3,2.9
TEM Association,3,3.6
Aimler Solutions,3,2.4
TELUS Digital,3,3.5
Drip Capital,3,3.53
Tsmg Holding,3,3.6
Dreamsol Telesolutions,3,2.7
Dr Agarwals Eye Hospital,3,3.8
Trueledge Hr And Accounting Services,3,3.6
TalaKunchi,3,3.6
Sunbrilo Technology,3,4.1
Doodleblue Innovations,3,3.6
Sun Pharma,3,4.0
Cognitus,3,3.6
Sumedha Softech,3,3.1
Coderound Ai,3,3.6
Codemonk,3,4.0
Successive Technologies,3,3.8
Successive Digital,3,3.8
Garrett,3,3.1
Yokogawa Electric International Pte,3,3.7
Ovitech Solutions,3,3.6
Rudder Analytics,3,4.0
Outsourcedwell,3,3.6
LeadSquared,3,2.7
LanceSof,3,3.6
Oportun,3,3.0
Getoncrm Solutions,3,3.1
ZINFI,3,2.5
Coffeebeans Technologies,3,3.6
Coditation Systems,3,4.4
Open Fabric,3,3.6
Codevian Technologies,3,3.6
Abbott,3,4.1
Yum! India,3,4.0
Glib,3,1.9
Rolling Arrays,3,3.1
Leading Asset Management Firm,3,3.6
Aabhyasa Technologies,3,5.0
Doshion Polyscience,3,3.6
Coindcx,3,4.0
Zealogics.com,3,3.5
ZeMoSo Technologies,3,3.1
Zakapps Software,3,4.2
Revol Process Solutions,3,3.6
Revenue Technology Services,3,2.6
Drive Terra,3,3.6
Cognitio Analytics,3,3.6
Wayfair,3,3.1
ZS Associates (India) Pvt Ltd,3,3.1
Wartsila,3,4.0
Warner Bros. Discovery,3,3.7
Lagozon Technologies,3,3.8
Walking Tree,3,3.2
Zectos Software,3,4.0
Aaxeleron,3,3.6
Cambium Learning Group,3,3.6
Optimum Info,3,2.4
Global Survey,3,3.8
Opstree Solutions,3,3.9
Opplane,3,3.6
Global It Family,3,4.0
CLIENT OF IT SCIENT,3,3.6
CIEL HR,3,3.6
Smart Ims,3,3.9
Global Industrial,3,3.7
Sleek Tech,3,3.3
The Entrepreneurship Network (TEN),3,4.2
Tower Research Capital,3,3.6
Keylent,3,4.1
Connectheor,3,3.6
Concord Infrastructure,3,3.5
Glosap Systems,3,2.0
Omnimd,3,4.2
Omnicom Global Solutions,3,3.3
Kintellect Partners Llp,3,3.6
Kiebot,3,4.0
Gramener,3,4.3
Colan Infotech,3,3.7
Khan Academy,3,4.5
Keywords Studios,3,2.6
ASL HR Solutions Pvt. Ltd,3,3.6
Computacenter,3,3.9
Victrix Systems & Labs Pvt. Ltd.,3,4.6
Alt-s Technology,3,3.6
Zeronorth,3,3.67
Zero Gravity Photography,3,2.5
Black & Veatch,3,4.2
Synoptek,3,3.4
Vertiv Group Corp,3,3.8
Vertex Computer Systems,3,4.1
Billions United,3,3.6
Gray Acumen Technologies,3,4.5
Offshore Universal Textiles,3,3.6
Oerlikon Balzers,3,3.7
Retransform,3,3.1
Graviton Research Capital,3,3.3
Ecolab Life Sciences,3,3.7
Eclinical Solutions,3,3.1
Kaseya Software,3,3.3
Gresham Technologies,3,3.7
Talent Socio,3,3.6
Ascendeum,3,3.8
Groundtruth,3,3.3
E-stone Information Technology,3,4.2
Tvarit Gmbh,3,3.4
Greysoft Solutions,3,3.6
Tanishqa Quintessence Management Services,3,3.6
JustAnswer Innovations India Private Limited,3,3.0
Jumio Corporation,3,3.9
Kaizen Institute,3,3.0
One Of the MNC Comapany,3,3.6
Edgematics,3,3.9
Regnology,3,3.6
HMH Technology Private Limited,3,4.6
JSW Steel,3,3.9
Refonte Infini,3,3.6
Reelo,3,2.7
Groupm Media,3,3.6
Jman Group,3,2.7
Remotestar,3,5.0
HDFC Life,3,3.8
Swiggy,3,3.7
Blink Health,3,2.1
EXCELPTP,3,3.8
Blazop,3,3.6
Superprocure,3,4.8
ANTI-Ai PRIVATE LIMITED,3,1.9
EMBARK SERVICES PRIVATE LIMITED,3,4.43
Red Apple Technologies,3,3.9
Red & White Education,3,4.3
ANR Software,3,4.1
Reboot Xp,3,2.9
Rearc,3,3.6
ALT Digital Technologies,3,4.5
Itech India Chennai,3,3.3
Covalense Global,3,4.0
Edubridge Learning,3,3.8
Hack2skill,3,4.3
HRSOLUTIONS,3,3.6
RK HR MANAGEMENT,3,3.6
Hackerrank,3,4.2
Edify Group,3,1.1
Intigniz Solutions,3,5.0
Ramboll,3,4.0
Rama Medicare,3,3.2
APA Engineering,3,4.0
Ebix,3,3.6
Intellics Global Services Mumbai,3,2.1
Intellect Design Arena,3,3.5
CDW TECHNOLOGIES INDIA PRIVATE LIMITED,3,3.6
Integrichain,3,3.6
Integreon,3,3.2
East India Securities,3,2.9
Sitka Ai,3,3.6
AIS business solution,3,3.53
ADP Private Limited,3,3.8
Intellistride,3,4.5
Sociomix,3,3.6
Nucleus Software Exports,3,3.2
NuStar Technologies,3,3.6
Snapwork Technologies,3,3.6
Smytten,3,3.4
Raapid,3,3.4
anagha@wizecareers.com,3,3.6
Artdex And Cognoscis Technologies,3,4.3
Arroact,3,3.6
Now vertical,3,3.6
Arohan,3,3.9
Ochin,3,3.6
Trai Inc,3,3.6
Creative Hands HR,3,3.6
purview services,3,3.6
Insurity,3,4.4
Covergo,3,3.3
Inspiration Manpower Consultancy Pvt. Ltd.,3,3.6
Credit Wise Capital Pvt. LTD.,3,3.8
Credgenics,3,4.0
Credentek Software & Consultancy,3,1.6
Spar Krognos Marketing,3,4.8
R Systems International,3,3.6
Insignia Consultancy Solutions,3,1.9
Crisp Analytics or Lumiq,3,3.47
Hilabs,3,3.6
Btree Systems (opc),3,4.3
Bryka Electrosystems & Software,3,3.2
Apidel Technologies,3,3.6
Curai Health,3,3.6
Umanu,3,3.6
BillDesk,3,3.2
Bill Gosling,3,3.5
Inginit,3,4.4
Innoverv Global,3,2.0
A5 Labs,3,2.9
Innofied,3,3.7
Qube Cinema,3,3.7
Nusummit Technologies,3,3.4
Hiring for client,3,3.6
Hiring for Leading MNC Company,3,3.6
Hiring Squad,3,3.6
Virtuetech Inc,3,4.0
Hirani Associates,3,3.6
Align Technology,3,2.8
Infibeam Inc,3,3.2
Algoleap Technologies,3,4.2
Infyni,3,2.3
Tronlogix Tech,3,5.0
Hitech Human Capital,3,3.9
Csk Technologies,3,4.5
Trimble,3,3.8
Hitachi Vantara,3,3.5
Infovision Labs,3,3.6
Infotel Uk Consulting,3,2.5
Baffle,3,4.7
BVG India,3,4.2
Infocusp Innovations,3,4.2
Talentoj,3,3.6
Talentico Consultancy Services,3,3.6
Talentica,3,4.0
Talentall Recruitment Services,3,3.6
Elite Wealth Advisors,3,3.0
e Zest,3,3.8
DIGITAP.AI,3,4.4
delaPlex,3,4.2
Quantum Learnings,3,2.8
Weboccult Technologies,3,2.9
Indimedi,3,2.2
Weblee Technologies,3,3.6
Hoffmann La Roche,3,5.0
Hudson Data,3,3.7
gray matrix solutions,3,3.5
DATATERRAIN LTD,3,3.4
D3V Technology Solutions,3,3.7
ICICI Prudential Life,3,3.9
Igreentree,3,3.6
Huntertech Ventures,3,3.6
Project44,3,2.8
Project Tech4dev,3,3.6
Qnovate,3,5.0
Nikhil Medico,3,3.6
Qcentrio,3,4.5
Purview Service,3,3.6
Purview India Consulting and Services,3,3.6
Humming Brains,3,3.6
Pune Based Next Gen DIgital Engineering Enterprise,3,3.6
Puma Energy,3,2.9
Pulsepoint,3,5.0
Emendate India Bpo,3,3.9
Humancloud Technologies,3,3.3
IQVIA,3,3.67
IPE Global,3,3.9
Prowebhill,3,3.4
Provana,3,4.1
ION,3,2.3
IMC,3,3.67
Northern Trust,3,3.6
Icloudsys,3,3.6
Proofpoint,3,4.2
Pronix It Solutions,3,3.9
Idea Elan,3,3.3
Dalisoft Technologies,3,2.5
Total Shape,3,3.6
Artpark,3,4.4
Artic Consulting,3,3.6
CMMI L5 Company,3,3.6
Artemis Health,3,3.6
Bytespoke Com,3,3.6
Western Digital,3,3.9
Affle,3,3.5
Business Brio,3,4.0
Burgeon IT Services,3,3.6
sigfig-2,3,3.4
Isarva Infotech,3,4.9
Elios Technologies,3,3.6
Elevati Infotech,3,4.5
Nineleaps,3,4.3
Newfold Digital,3,3.6
Daftar Route,3,5.0
Neuron7,3,2.4
Data Nova,3,2.3
Neuralix Ai,3,3.6
Progressive Infovision (PIPL),3,3.6
Progient Labs,3,4.9
Netweb Software,3,3.8
Prodigy Infotech,3,3.9
Nihilent,3,3.2
NetApp,3,3.6
Data Engineer for Leading CMM Level 5 Compnay,3,3.6
Nest Digital,3,3.5
Nexucon Consultancy Services,3,3.6
Data Axle Solutions,3,3.7
Axis Services,3,3.6
Visionet Systems,3,3.3
Axicorp,3,1.0
Techahead Software,3,3.8
Principal Global Services,3,3.6
PristineAI,3,3.4
TechUnido,3,1.9
Automatiq,3,3.6
rimpac,2,3.6
o9 Solutions,2,3.4
orcapod consulting services private limited,2,3.6
2070 Health,2,4.3
Impressico Business Solutions,2,4.5
mPokket Financial Services,2,3.5
A J Mohan & Associates,2,2.6
Bitgo,2,4.2
Bitcomm Technologies,2,4.2
Swec Education Immigration Services Llp,2,2.0
Swathi Business Solutions,2,3.6
TAC Security,2,3.1
Big 4 Accounting Firms,2,3.6
other,2,3.6
Ibs Fintech,2,4.1
Ibcscorp,2,3.0
IWG Plc,2,3.1
ITC,2,3.9
9nexus,2,3.3
8848 Digital,2,4.0
illumifin,2,3.6
Vakils Premedia,2,4.1
VOIS,2,3.8
Shipco It,2,3.5
Shine Infosoft,2,3.5
Shield Ai,2,3.6
Shaligram Infotech,2,3.1
Shalby Hospitals,2,4.2
Cashcraft,2,3.6
Careervira,2,2.7
Shakti Infosolutions,2,4.2
Cantik Technologies Pvt Ltd,2,3.6
Barco,2,4.1
Analogyx Bi,2,2.7
An international BPO,2,3.6
Amuraindia Software Solutions,2,3.6
Varaisys,2,3.7
Valuenable,2,2.8
Showpad,2,3.6
Shivaasha Technologies & Services,2,3.6
Shish Jewels,2,3.6
Shipgig Ventures,2,1.9
Seven N Half,2,3.6
Seven N Consulting,2,3.8
Servoedge Technologies,2,1.6
Service based Mid-Sized B2B Firm in IT Services,2,3.6
Beroe,2,4.1
TM Management Services & Inspection Pvt Ltd,2,3.6
TIBCO,2,3.7
TGP Growth Partners Llp,2,3.6
TESTQ Technologies,2,3.0
Bcforward,2,3.6
Scalable Systems,2,4.2
Saya Homes,2,4.0
Valenta Bpo Solutions,2,4.3
Cellstrat,2,2.7
Sensata Technologies,2,3.7
Sedin Technologies,2,4.5
Sebone Technologies,2,3.1
Simran Shri Shri International,2,1.8
Cameo Corporate Services,2,3.2
Candor Health,2,3.6
Siemens Healthcare,2,4.0
Siclarity,2,4.5
Cardekho.com,2,3.6
Caprus It,2,3.3
Signzy,2,2.9
Scopic Software,2,3.6
Sezzle,2,4.0
Chord Technologies,2,3.6
Chisquarelabs,2,3.45
Cheq Digital,2,2.4
Sapwood Ventures,2,3.6
Sapphire Infocom,2,4.8
Central Depository Services,2,3.2
Center Study Science Technology Policy,2,4.4
Celusion Technologies,2,3.4
Scmworx,2,3.6
Scimitar Research,2,3.6
Sciffer Analytics,2,3.3
Scan IT,2,2.9
Chegg Inc.,2,4.1
Chegg,2,4.1
Cfs-zipp,2,3.6
Sandcup Design Studio,2,4.1
Cision,2,3.4
Sakon,2,2.9
Sakash Group,2,3.6
Saxon Global,2,3.6
Saviynt,2,2.5
Savitr Software Services P,2,3.9
Savista,2,4.1
Cialfo Solutions,2,2.5
Chowgule Mediconsult,2,1.7
Sandhar Technologies,2,3.7
Sandesh,2,3.2
Baranwal Consultancy And Services,2,4.1
TVS Motor,2,3.8
TVS Credit Services Ltd,2,4.2
TSS Consultancy,2,3.4
TSIT Digital Technologies pvt ltd,2,3.6
Becton Dickinson,2,3.9
Aptean,2,3.1
Appzoc,2,3.6
Sadup Soft,2,4.4
Sadhana It Solutions,2,3.6
Sabre,2,3.9
Saasworx Consulting,2,4.5
Vegapay,2,4.1
Ample Softech System,2,4.7
Ample Enterprise Technologies,2,3.6
Amity Software Systems,2,4.0
Sanmina,2,4.1
Sangita Infotech,2,3.6
STEM Healthcare,2,3.1
Cloud Raptor,2,3.6
Cloud Analogy,2,2.7
Clix Capital Services,2,4.1
Clirnet Services,2,3.6
Client of United HR Solutions,2,3.6
Sailpoint Technologies,2,4.4
Sagous,2,2.9
Clearview Healthcare Partners,2,3.6
Cleartax,2,3.0
Clear Quant,2,5.0
Clairvolex,2,2.5
Safe Security,2,2.5
Cloudphysician Healthcare,2,3.6
Cloudonhire,2,3.6
Cloudkeeper,2,3.5
Cloudaims Infotech,2,3.6
SNS System,2,4.2
SKS Enterpprises,2,3.6
SK Finance,2,4.2
Client of EDGE,2,3.6
Anchanto Services,2,3.0
Anayasmi Infotech,2,3.6
VED Infomedia,2,5.0
VD Consultants,2,3.6
V3 Staffing,2,3.6
Sitaram Spinners,2,3.3
Sisco Jobs,2,4.2
Sindhuja Micro Credit,2,3.6
Clickhouse,2,3.6
SYSTRA,2,4.0
SE Mentor,2,3.6
SDG Corporation,2,3.8
SAS Research and Developement (India) Pvt Ltd,2,4.2
Clustrex Data,2,4.5
Club Oxygen,2,3.8
Cloudstrats Technologies,2,3.0
SPAR Solutions,2,4.0
SP Infracon,2,3.8
SOLVERMINDS Solutions & Technologies Pvt.Ltd.,2,3.3
Banyan Data Services,2,5.0
Banking Organization,2,3.6
Alyssum Global Services,2,4.1
Altraize,2,3.6
Venture Smarter,2,3.6
Vensysco Technologies,2,4.0
SIGMA,2,3.6
SGS India,2,3.7
Verizon Media Group,2,4.4
Verisk,2,3.7
Appy Pie,2,3.7
Appstrail Technology,2,2.7
Appsinvo,2,3.9
Tsaw Drones,2,2.5
Truhome Finance Ltd,2,3.6
Takshashila Consulting,2,1.5
TalentPro,2,3.6
TalentAll Recruitment Services,2,3.6
Cognitud,2,3.6
Codemech Solutions,2,2.8
Rvega,2,3.6
Rusada Aviation,2,3.2
Runwal Realty,2,3.7
Rudra Alliance,2,5.0
Cogitate Technology Solutions,2,3.2
Coginsys Technology,2,3.6
Versante Software Technologies,2,2.1
Verkko Group,2,3.8
CommerceIQ,2,2.9
Comet Performance Chemicals,2,1.5
Codezin Technology Solutions,2,4.5
Codespaze,2,4.0
Rpa Infotech,2,2.6
Root Computer,2,3.6
Rollick Ice Cream,2,4.0
Rol Consultancy Faridabad,2,3.6
Cojective Labs,2,3.8
Cognyte Analytics India,2,4.1
Commvault,2,3.7
Common Service Centres (CSC),2,3.8
Cognitivecare,2,3.6
Cognext,2,1.9
Cognex Technology,2,3.4
Rohan Builders & Developers,2,4.1
Rocket Software,2,4.1
Roblox,2,4.3
Smartworks,2,3.3
CN Solutions,2,4.6
Camco Technologies,2,3.6
Call & Whatsapp Sneha @ 8448100705,2,3.6
Cal4care,2,3.0
Silverlink Technologies,2,3.8
Silicon Image India Research Development,2,3.6
CLOUD STRAT,2,3.6
Smart Energy Water,2,2.9
Robestek Solutions,2,3.6
Rivulet Digital,2,4.5
Riveredge Analytics,2,3.9
Reputed MNC,2,3.6
Reputed IT Company,2,3.6
Reputed CA Firm,2,3.6
Rentable Co,2,3.6
Renee Technologies Pune,2,5.0
Renault Nissan Technology & Business Centre India,2,3.7
RightWave InfoSolutions (Pvt) Ltd.,2,3.2
Rezo,2,1.8
Rexus Group,2,2.9
Alphasense,2,3.1
Alphacom Systems And Solutions,2,3.6
Alp Consulting,2,3.6
Vialto Partners,2,2.9
Religare Broking Ltd,2,3.7
Revenera,2,3.6
Revature,2,3.2
Returnonweb Consulting Services,2,4.1
Vidushi Infotech,2,2.8
Vidpro Consultancy Services,2,3.6
Bandi Informatics,2,4.6
Bandhan Life,2,3.2
Balbix,2,2.8
Talent Hired-the Job Store,2,3.6
Talent Drive Consulting (Hiring for a Reputed Digital Marketing & Media Company),2,3.6
Talent Cabin,2,4.2
TaskUs,2,3.0
Coursevita,2,4.1
Reliance Games,2,2.2
Relevance Lab Inc,2,3.6
Relanto,2,3.7
Rejolut A GenAI Web 30 Company,2,3.8
Regalix,2,2.7
Refract Consulting,2,3.0
Corporate Chanakya Services,2,3.7
Corning Technologies,2,4.2
Vigoursoft Global Solutions,2,4.4
RUDRA ANLYTICS,2,4.0
Creative Web Mall,2,4.5
Creative Synergies,2,3.9
Coreehs,2,3.7
Coralogix,2,3.1
Coppertaurus Technologies And Consulting,2,3.6
Redcliffe Labs,2,4.0
Recruito,2,3.6
Reaology Lucknow,2,3.6
Covasant Technologies,2,3.0
Credence Analytics,2,3.2
RRD Global Outsourcing,2,3.6
RNS Group,2,3.6
RISEBIRD,2,3.6
RIA Advisory,2,3.7
Ramesh Parasmal Jain & Co.,2,3.6
Ralph Lauren,2,3.9
Radon Global Tech Services Hyderabad,2,3.6
Radixweb,2,3.4
CEEW,2,3.5
V2SOLUTIONS,2,3.0
CRF - Chest Research Foundation,2,3.8
Skillnet Solutions,2,3.8
CBNITS,2,3.8
CBA Cross Border Associates,2,3.6
C2L BIZ,2,3.1
Snowrelic,2,1.6
Sndk Corp,2,4.2
"Allscripts(India) LLP, ultimately a subsidiary of Altera Digital Health Inc.,[Altera India]",2,3.7
Allies Business Hub,2,4.9
Alliance University,2,3.6
Alletec,2,4.1
Allen Digital,2,3.55
Allele Life Sciences,2,3.6
Vikruthi Technologies,2,3.6
Crayontek,2,5.0
Cpidroid,2,4.4
Coverfox,2,3.8
Credence Digital Marketing,2,2.8
Crossfit,2,5.0
Crimson,2,4.1
R For Rabbit Baby Products,2,3.3
Quytech,2,3.4
Quinite Technologies India,2,3.6
REPUTED MANUFACTURING & EXPORT HOUSE,2,3.6
Vipany Global Solutions,2,3.6
Violet Infosystems,2,2.0
Vinculum Solutions,2,2.3
Almonds Ai,2,4.3
BCT Consulting Private Limited,2,3.6
Tatvic Analytics,2,2.4
Quantum Phinance,2,3.7
Quantum Loop Ai,2,3.6
Visar Software Llp,2,3.6
Virtuoso Staffing Solutions,2,3.6
Aligned Automation,2,3.6
Aliengena Captive,2,1.7
AlgoAnalytics,2,4.0
REG Education & Immigration,2,3.6
R3coder,2,3.6
Quess Corp Limited,2,3.6
Qube Research And Technologies,2,3.0
Bajaj Financial Securities,2,4.2
Bain,2,3.7
Talisman Hr Solutions,2,3.6
BCforward India Technologies Pvt Ltd.,2,3.6
BCforward,2,3.6
Prudence Analytics Software Solutions,2,4.7
Quantum India Group,2,3.6
Quantfunda Solutions,2,3.6
Cyient,2,3.6
Cvviz Softwares,2,3.6
Qualitykiosk Technologies,2,3.2
Qualitest,2,3.6
D2K Technologies,2,2.6
Culture Holidays,2,3.6
DTC Infotech,2,3.0
Qloron Technology,2,4.1
Purple Marketing,2,3.6
DSS Imagetech,2,3.9
DMart,2,3.9
Dar Credit & Capital,2,3.8
Process360,2,3.8
Protocol Zone,2,3.6
Prospus Consulting,2,1.0
Propel Technologies Inc,2,3.5
Proounce,2,3.6
Danfoss,2,3.9
Twixor,2,4.0
TAO Digital,2,3.55
TRooTech,2,3.6
C1X,2,4.7
Byasa Tech Solutions,2,4.2
Butobox,2,3.6
Solulever,2,1.7
Solarwinds,2,3.5
Softweb Solutions,2,3.7
Softdel Systems,2,2.6
CG Infinity,2,3.0
Daiom,2,3.6
Data Software Research Company (DSRC),2,3.4
Prishatech India Pvt Ltd,2,3.6
Product based IT Company,2,3.6
Data Infovision P,2,4.9
Data First,2,3.6
Data Collection Infotech,2,3.0
Data Center Design,2,3.6
Vital Strategies,2,3.7
Visdum,2,3.6
Visara Human Capital Services,2,3.6
Pristine It Code,2,4.3
Dataorb Inc.,2,3.6
Datamatics Staffing Services Pvt Ltd,2,3.6
Datamatics,2,3.4
Datagrid Solutions,2,2.7
Prescience Decision Solutions,2,4.8
Preqin,2,3.7
Definitive Healthcare,2,3.7
Deepintent,2,2.8
Alcor,2,4.2
Akuntha Projects,2,4.0
Vitraya Technologies,2,3.3
Vitely Bio,2,3.7
BSI Group,2,4.1
BOT Tech,2,3.6
TechAffinity,2,4.3
Tech SMCSquared GCC,2,3.6
Dev Information Technology,2,3.4
Dentsply Sirona,2,3.7
Precisely,2,3.9
Precious Metal Recycling,2,3.6
Prayag Health,2,3.6
Praudyo Solutions Private Limited.,2,3.6
Prakash Software,2,3.4
Universo Realtors,2,4.5
Applied Data Finance,2,4.3
Appitsimple Infotek,2,4.1
US MNC,2,3.6
UKG,2,2.9
UFS Networks,2,3.6
Demandbase,2,3.6
Dell Technologies,2,3.8
Pinnacle Group Inc,2,2.9
Pinkerton,2,3.6
Pibit.ai,2,3.2
Poppulo,2,3.9
Polycab,2,4.0
Polestar,2,4.0
Pls Lawyers,2,3.9
Playo,2,2.7
Plative,2,2.5
Vodafone Idea Limited,2,3.9
Vlink,2,3.8
Phoenix Knowledge Management,2,3.6
Plastemartjobs,2,3.6
Planet Ecom Solutions,2,3.5
Pixiebytez Innovations,2,3.6
Dhruva Automation & Controls,2,3.8
Dharampal Satyapal Group (DS Group),2,4.0
Dgliger Consulting,2,3.8
Dexter Capital Advisors,2,4.1
Dexlab Analytics,2,5.0
Perficient India,2,4.9
Vulcury,2,3.6
Akrivis Engineering & Construction,2,3.1
Akamai,2,4.35
Volvo Auto,2,3.7
TrueTech Solutions,2,3.6
Pelltech Healthcare,2,3.1
Pedagogy,2,3.6
Diligent,2,3.0
Digiwagon,2,3.6
Digitide Solutions,2,3.6
Digital Piloto,2,4.0
Paxera Health,2,3.6
Pharmatek Consulting,2,3.6
Digiinterface,2,1.5
Digiboxx Technologies And Digital India,2,2.1
Diagnal Technologies,2,4.9
Peoplelogic Business Solutions,2,3.6
Peoplefy Infosolutions,2,3.6
People10,2,4.4
Tech Exactly,2,3.4
TecOrb,2,4.0
Teamlease Digital,2,3.6
BIZ2X Platform Private Limited,2,3.4
BIG4,2,3.6
BDS Services,2,3.1
Sonalika Tractors,2,3.8
Squareone Insights,2,3.9
TRUSTKLUB Consulting,2,3.6
Utthunga Technologies,2,2.7
Urban Company (UC),2,3.3
Upstox,2,3.5
Upstack,2,3.6
Upadpro Software & Services,2,2.3
Truefoundry,2,3.6
Truebil,2,3.8
Patch Infotech,2,4.2
Particle Black,2,4.2
Parkar Global Technologies,2,2.9
Parity Cube,2,4.4
Parex Technologies,2,5.0
Paramatrix Technologies,2,3.8
Pantheon Inc,2,3.5
Panj Solutions,2,3.6
Panasa,2,3.2
Dinjan Infotech,2,4.3
Dimension India Network (DIN),2,3.2
Panamoure,2,3.1
Paktolus Solutions,2,3.2
Pacific IT Consulting Pvt Ltd,2,3.6
Pacific Global Solutions,2,3.2
Otelier,2,3.7
Oswaal Books,2,4.0
PROTECTT.AI Labs,2,4.5
WPP Production,2,3.6
Aionomy,2,3.6
PRODAT,2,3.1
PM AM Corporation,2,2.9
Docyt,2,3.3
DnT Infotech,2,3.5
Dmacq Software,2,3.1
PENTOZ,2,2.3
PCI India,2,4.2
PB Partners,2,3.2
"Our Client is an AI Company, data engineering, and business consulting firm. Headquartered in Blr",2,3.6
Other MNC,2,3.6
Oplinnovate,2,2.6
Openlm India,2,2.3
Onprice Infotech,2,4.2
Oroprise Solutions,2,3.6
Dpdp Consultants,2,3.6
Dozee,2,3.7
Dotsolved Systems,2,3.6
Oriserve,2,2.7
Orangebits Software Technologies,2,4.0
Droom Media,2,3.6
Waters Corporation,2,4.1
Wappnet Systems,2,4.2
Optisol Business Solutions,2,3.8
Optimus Information,2,2.9
Opteamix,2,4.0
Dynamic Cables,2,4.4
Dunnhumby,2,3.7
Dson Infotech,2,3.6
Dselva Infotech,2,5.0
OnTime Global Pvt Ltd,2,3.6
Omnissa,2,3.6
Omnibridge Infotech,2,3.6
Omni Reach,2,4.7
Omega Healthcare,2,3.8
OneGTMLab,2,3.6
"One of the leading IT Firm in Government projects in India, UAE & USA",2,3.6
Ahom Technologies,2,3.6
Agnik International,2,2.6
Agm Infra Solutions Private Limited,2,3.6
Agm Infra Solutions,2,3.2
We Shine Academy,2,3.0
Wcities,2,2.2
Ohara IT Solutions,2,3.6
Oddball,2,3.6
Ebixcash Worldmoney,2,3.5
Walkaroo International,2,3.6
One of our Leading Software MNC,2,3.6
One of The MNC company,2,3.6
E Solutions It Services,2,3.6
Dynpro,2,3.6
Dynatech Systems,2,3.9
One Of the MNC company,2,3.6
EdgeVerve Systems,2,3.2
Edetek Inc,2,3.6
Ecozen Solutions,2,4.2
Ecosmob Technologies,2,4.1
Ecordon Solutions,2,5.0
Econ Climate Fund,2,3.6
EXL Services,2,3.6
EVERSANA India Pvt. Ltd,2,3.2
EUROPEAN MNC,2,3.6
EPPS INFOTECH PVT LTD,2,3.6
EIPL,2,3.7
Okta,2,2.3
Edufund,2,2.2
Eduberance,2,3.6
EduRun Group,2,3.6
Editorialist Yx,2,3.2
Nuvant Consulting Group,2,3.6
Nutralike Health Care,2,4.7
Eazy Erp Technologies,2,3.8
Eazy Dms,2,3.6
Easyrewardz Software Services,2,2.8
Eastvantage,2,2.7
Edhitch,2,3.6
Eglogics,2,3.7
Egdk,2,3.8
NuStar,2,3.6
Nthinsight,2,4.1
Ns3techsolutions,2,4.0
Ocrolus East,2,3.3
Objectways Technologies,2,3.1
Boston Scientific,2,4.0
Briefly,2,3.6
Specialist Advisory & Intervention Group (SAIG),2,4.4
Spanidea,2,3.4
Buckman,2,3.2
Brown Tech Int.,2,3.6
Brookfield Asset,2,2.5
Sourceease Hr Services,2,3.6
Source Desk Global,2,4.1
Sonata Software,2,3.4
Oasys Cybernatics,2,3.1
Nykaa,2,3.4
Nyasa Enterprise,2,3.4
Nupeak IT Services Pvt Ltd,2,3.3
Nugen Intelligence,2,3.6
Ekaa Analytics,2,3.6
Arena Investors,2,3.1
Arctic Wolf Networks,2,3.1
Arcs Technologies,2,3.6
Trintech,2,4.5
Trillectric,2,3.6
Techneplus Software India,2,3.2
Techify,2,4.2
Techcarrot Fz-llc,2,3.5
Website Developers India,2,2.4
Webs Optimization Software Solution,2,3.1
Webmd Guru,2,3.6
Agiliad,2,3.3
Agiletech Info Solutions,2,4.2
Agaram Infotech,2,3.9
Webential,2,4.4
Web Synergies,2,3.0
Novumgen,2,4.1
Emeritus,2,3.7
Embrace Software,2,3.6
Ele5 Solutions,2,3.6
Novel Patterns,2,4.1
Notion Online Solutions,2,4.1
Norwin Technologies,2,3.6
Nordson Corporation,2,4.0
Nordex Group,2,1.1
Nomura Research Institute India Pvt Ltd ( NRI India ),2,3.2
Nividous Software,2,3.4
Nitrodynamics Aerospace & Defence,2,3.6
Westlisoft Technologies,2,3.9
Aero Flight Technology,2,3.1
"Medocity, Inc",2,4.8
Medline Industries India Private Limited,2,3.7
Fincart Finvest,2,2.3
Finbyz Tech,2,3.4
Navigators Software,2,4.2
Netscribes,2,2.7
Finzly,2,3.5
"Advanced Micro Devices, Inc",2,3.7
Advaiya Solutions,2,3.8
Fleet Management,2,3.9
Flair Labs,2,3.5
Fitfyles,2,3.6
Mediaradar,2,2.5
Mavensworld Training & Advisory Services,2,5.0
Metaforge IT solutions,2,3.6
Merck Sharp & Dohme (MSD),2,3.7
Mercari,2,3.6
Megistron Media,2,4.1
Arizon Infocom Private Limited,2,3.6
Actualize Consulting Engineers,2,3.7
Actowiz Solutions,2,2.8
Actlogica,2,3.6
Across Assist,2,3.0
Wijungle,2,4.1
Nascent Info Technologies,2,2.7
Wpweb Infotech,2,5.0
Worldpay,2,4.1
Elfonze Technologies,2,4.4
First Flight Couriers (FFCL),2,4.6
Navi Technologies,2,3.1
Neuraflash India,2,3.3
Naukri E-hire,2,3.6
Acuity Analytics,2,3.1
Audax Labs,2,2.3
Audacious Minds,2,3.6
Tekskill,2,3.6
Tekplay Systems,2,4.1
Teknuova,2,3.6
Tekmetric,2,3.6
Naukri E Hire Campaign,2,3.6
TekWissen,2,4.9
Essex Lake Group,2,3.3
Auxoai,2,1.8
Tele Tnfotech,2,3.6
Teladoc Health,2,3.2
Esparkbiz Technologies,2,2.3
Esolz Technologies,2,2.4
Matiyas,2,4.8
Flyways Softwares And Solutions,2,3.6
Flyonit Infrastructure,2,3.6
Fly On It India,2,2.0
Esoft Solutions,2,3.6
Masscom Corporation,2,3.6
Mashreq Global Services,2,3.1
Mascot E Services,2,3.6
Masai School,2,4.3
Marsh Risk,2,3.6
Fort Technologies,2,3.6
Equilend,2,3.8
Suventure Services,2,3.6
Sutherland,2,3.4
Uncanny Consulting Services,2,4.5
Stratton Hr,2,3.6
Strategic Business Systems,2,3.6
Stradegi Solutions,2,3.3
Sthapatya Software,2,2.8
Stepinn,2,3.6
Steno House,2,3.6
Bluphlux,2,3.6
Blue Star,2,4.0
NLB Services,2,3.6
NLB Service,2,3.6
Fornax,2,4.5
Maven Marketing,2,4.1
Neura Monks,2,3.6
Foray Software,2,3.5
Fold Health,2,2.4
Marriott,2,4.1
Market Pulse,2,2.7
Mario Elevate Llp,2,3.6
Mariadb,2,2.8
Mapup,2,2.9
Forward Biz,2,3.6
Neuiq Technologies,2,5.0
Fortune 500 IT Services Company,2,3.6
Fortrea Development India,2,3.9
Evonsys India,2,3.3
Xerox Business Solutions Southeast,2,3.7
Elevondata Labs,2,3.9
Madsmania Edutech,2,3.6
Manipal Hospitals,2,4.0
Wildnet Technologies,2,4.5
Wilco Source,2,3.8
Fourty60 - Website Designing & SEO,2,2.3
Aelius Consultants Pvt. Ltd.,2,3.6
Mamaearth,2,3.7
Makunai Global Technologies,2,3.6
MakeMyTrip,2,2.5
Majid Al Futtaim,2,3.1
Aegis Institute Of Cyber Security,2,3.6
Mahiruho Consulting Services,2,4.9
Magneum Technology,2,4.4
Madhda Business Solutions,2,4.4
Eloelo,2,2.9
MWB Technologies,2,2.8
Elite Exceed,2,3.6
MLM Yug,2,3.6
Bombay Play,2,4.6
Xpt Consultancy Software Services,2,2.9
Xpand,2,1.0
Acro Hr Solutions,2,3.6
Acmasoft,2,3.6
Acies Consulting,2,4.0
Achnet,2,3.6
Achiievers Quick Gold Loan,2,4.3
Achiievers Equities,2,2.3
Xiphias Software Technologies,2,4.2
Nice Software Solutions,2,2.8
Fss: Financial Software And Systems,2,3.7
Stantec,2,4.0
Tricona Digital,2,3.6
Square Yards,2,3.5
Treering,2,3.6
Spruce Infotech,2,3.6
Travelwings Com,2,4.2
Tranzeal,2,4.4
Astellas Pharma,2,3.0
Astegic,2,2.8
Texlon,2,2.1
Tethys Technologies,2,3.5
Sprinklr,2,2.9
Yamaha Motor Solutions,2,2.9
Yallo Retail,2,3.6
YMI Ghar Soaps,2,3.6
Future Healthcares,2,2.4
Fuso Glass India,2,3.4
Fusion CX,2,3.2
Nicco Ventures,2,4.9
Fundvice,2,3.5
British Council,2,3.5
Future Tech Enterprise,2,3.6
Nexzu Mobility,2,2.0
MJC Globaltech,2,4.3
MD India Health Insurance TPA Pvt Ltd,2,3.6
Lucideus Tech Pvt Ltd,2,2.5
Bright Future,2,3.2
Lowes Services India Private limited,2,4.0
Brainware University,2,2.9
Locus It Services,2,4.5
Bottle Lab Technologies,2,4.1
Galaxeye Space,2,3.4
M&S Consulting,2,3.5
M&G Global Services,2,3.4
Lytika Co,2,3.6
Lutron Gl Sales,2,3.9
Botminds,2,3.6
Access Healthcare,2,3.7
Galytix Analytics,2,2.2
Xyram Software Solution,2,3.6
Xtag Services,2,4.5
Auctor Corporation,2,3.6
Attulya Bhaarat Software Solution,2,3.6
Attentive Ai,2,3.7
Atlassian,2,3.1
Tesco,2,3.6
Temenos,2,3.2
Adya Wifi Metering,2,3.4
Telefonica,2,4.4
The World Bank,2,3.8
Advatix Apac Logistics,2,3.0
The Mansion,2,5.0
Advanced Risk Analytics,2,1.5
Gboxz Technologies,2,3.6
Eximietas Design,2,4.2
Teikametrics,2,2.3
GainInsights Solutions Pte. Ltd,2,3.5
Gaia Smart Cities,2,2.2
GSR Business Services,2,3.7
Exerevnisi,2,3.6
Netradyne,2,3.1
Lifesight,2,2.8
Lifecell,2,3.3
Liebherr Appliances India,2,3.7
Netedge Computing Solutions,2,2.2
NBFC,2,3.6
N Consulting Global,2,3.6
Netcom Learning,2,3.2
Bizviz Technologies,2,2.0
Startelelogic,2,4.0
Sunrays Image Technology,2,3.7
Nanonets,2,3.6
Etomate Technology,2,1.0
Nam Info Pvt Ltd,2,3.6
Suki Software Solutions,2,3.2
Naaptol Online Shopping Pvt. Ltd.,2,3.3
NVISH,2,3.5
Subhujo Technologies,2,3.6
Blocktxm,2,3.2
Blitzenx,2,3.6
Stri Consulting,2,3.6
Lericon Informatics,2,3.6
Aeris Communications,2,2.8
Ganit Business Solutions,2,3.8
Yoursdesk Bizcon,2,3.6
NR Consulting,2,3.6
Yocreativ,2,3.1
Leading IT Consulting MNC,2,3.6
Leading IT Company,2,3.6
Galderma,2,3.5
Galaxy Health Insurance Company,2,4.3
Leewayhertz Technologies,2,2.8
Leatherman Fashion,2,4.4
Geeksoft,2,3.3
Geeksforgeeks,2,2.9
Geecon Systems,2,3.5
Gear Inc,2,2.7
Wohlig Technology,2,2.6
Lauren Information Technologies,2,3.5
Latent Bridge,2,4.0
Lateetud,2,3.6
Wiztango,2,3.6
Gforce Consulting Solutions,2,3.6
Getondata Solutions,2,3.6
Adient,2,4.0
Adidas,2,3.9
ZF Steering Gear India Ltd.,2,3.6
Abcloudz,2,3.6
Enterprisedb Software,2,3.7
Aays Analytics,2,4.7
ZF,2,3.6
Entero Healthcare Solutions,2,4.1
Yugabyte,2,3.4
Global Foundries Inc,2,3.2
Ensemble Health Partners,2,3.9
Gitlab,2,4.0
Gitakshmi Technologies,2,3.3
LKQ India,2,3.3
L&T Technology Services (LTTS),2,3.6
Kuku Fm,2,3.8
Leading Global Consulting Firm,2,3.6
Geotech Infoservices,2,3.6
Genus Healthcare Solution And It Consulting,2,4.9
Wingify Software,2,3.7
Aarush Impact,2,3.6
Aarti Industries,2,4.1
Aarch Solutions,2,3.6
Evoke HR solutions private limited,2,3.6
Evoke HR solution,2,3.6
Enphase Energy,2,2.6
Euprime Consulting,2,3.6
Euphoric Thought Technologies Pvt Ltd,2,4.7
ZS Associates ( India ) Pvt Ltd,2,3.1
Global Technology Company @ Pune (Kothrud or Baner),2,3.6
Global Technology Company @ Pune,2,3.6
Germane Analytics,2,5.0
Lambda Therapeutic Research,2,3.8
Myndroot,2,3.9
Labcorp,2,4.1
LSI Micro Marketing Services,2,3.6
Tilda,2,4.1
Ascon Infrastrucutre,2,2.2
Ascent E Digit Solutions,2,3.1
Konrad Group,2,4.5
Kompatible Minds,2,3.6
Komodo Health,2,4.1
Kokan Ngo,2,3.1
Koireader Technologies,2,3.9
Koenig Solutions,2,3.4
Myhq,2,4.0
Zeblearn Technologies,2,4.3
Nestle,2,3.7
Global Talent Track,2,3.6
Nile,2,3.3
Techverito Software Solutions,2,4.2
Aventior Digital,2,2.7
The Glove,2,3.6
Avanti Components,2,4.9
The Digital Group Infotech,2,3.4
The Depository Trust & Clearing Corporation (DTCC),2,3.7
The Closing Gap,2,3.6
The British Institutes,2,3.5
The Briminc,2,3.6
Atgeir Solutions,2,4.6
Astreya,2,3.6
Astral Pipes,2,4.0
Techup Labs,2,3.9
Techshu Consultancy,2,3.7
Technum Opus,2,4.6
Globots International Limited,2,3.6
Global Technology Solutions Company @ Pune,2,3.6
Kliento Technologies,2,3.0
Kirloskar Industries,2,4.1
Welocalize,2,4.0
Kimberly-Clark Corporation,2,3.9
Kimberly Clark Hygiene Products,2,4.0
Teksystems,2,3.1
Authentic Staffing Agency,2,3.6
Golden Opportunities Pvt Ltd,2,3.6
Gokaldas Exports,2,3.9
Khatabook,2,3.5
Aurionpro,2,3.5
Kanerika Software,2,4.2
FMC,2,3.9
Zipaworld Innovation,2,3.1
Zinnov Management Consulting,2,3.2
Zimperium Inc.,2,3.1
Ziff Davis,2,3.8
ATS Corporation,2,3.6
ATAIN,2,3.2
Myfollo,2,4.0
Zetwerk,2,4.0
Nila Apps,2,3.3
Multiverse Solutions,2,1.9
Zeomega Infotech,2,3.6
AppVenture.,2,3.6
Apollo Pharmacy,2,3.7
Surya Software Systems,2,3.6
Black & White Engineering Services,2,3.6
Expert Solution Technologies,2,4.2
Sysarc Infomatix,2,3.5
Emids Technologies,2,3.6
Synergyworks,2,4.6
Synergy Maritime,2,4.0
Synergy Group,2,4.5
"Biltrax Const, Data Research Insight",2,1.9
Emicon Advisory Services,2,3.6
TEOCO,2,3.9
Zenvior Technologies,2,3.6
KMK Consulting,2,3.6
KAS Services,2,4.5
Justlead.in,2,3.6
Groupe Credit Agricole,2,3.6
Group Ugx Systems Gurugram,2,3.6
Kennect Solutions,2,3.4
Enflexis Solutions,2,4.4
Energy Exemplar,2,3.2
Grapdes,2,4.3
Kellogg Brown & Root (KBR),2,4.1
Msh Business Consulting,2,3.2
Greyamp Consulting Services,2,1.9
Encodedots,2,4.5
Kantar,2,3.6
Kairos Technologies,2,3.9
NextGen Invent,2,3.4
Aryma Labs,2,4.2
ThoughtWorks,2,3.9
Thornton Tomasetti,2,4.1
Think Hall Training And Consultancy,2,3.6
Assent,2,1.2
Top B2B MNC in Management Consulting Domain,2,3.6
"Top B2B Corporate, Management Consulting Firm",2,3.6
TransOrg,2,2.9
KR It Solutions Bengaluru,2,3.6
Ezeeroll,2,3.6
Gridlogics Technologies,2,4.3
Mystifly Consulting,2,2.5
Axis Finance (AFL),2,3.8
Jupiter Consulting,2,3.6
Mitrata Financial Services,2,3.4
Johnson Electric,2,3.6
Guidepoint,2,3.1
Gruve,2,3.7
Growth Heist,2,3.6
Kamlax Technologies (opc),2,3.6
Mitr Learning Media,2,2.4
Mishipay,2,1.5
Jabil Circuit India,2,4.0
AxionConnect,2,3.7
JK Technology Services,2,3.6
J Brrothers Overseas,2,3.6
Ivy Knowledge Services,2,1.9
Mount Intra Finance,2,3.6
Newton School,2,3.6
Jman Digital Services,2,1.2
Axiametrics,2,3.6
Jio,2,3.6
Jigya Software Services,2,3.2
Syansoft,2,4.0
Swits Digital,2,3.9
Monotype Solutions India Private Limited (India),2,3.3
Biz-metric India,2,3.7
Biz Hero India,2,4.6
Surya Food Agro Limited,2,2.9
Suredrive Assist,2,3.7
Surbhi Finsec,2,3.6
Awiros,2,4.4
Uniplace Overseas,2,3.6
UnifyCloud,2,2.8
Superhuman Race,2,2.5
SuperProcure,2,4.4
Swaran Soft,2,3.2
Swami Vivekananda Institute of Science and Technology (SVIST),2,3.1
Appfillip,2,3.8
Jasper Tech Labs,2,3.6
Bridgestone - Global Capability Center,2,4.0
Bread Financial,2,3.75
Elintex Technologies,2,3.6
AKS Websoft Consulting,2,4.2
New Opportunity Consultancy,2,4.2
Venus Jewel,2,4.3
Jash Data Sciences,2,3.1
Jaguar Security Services,2,4.5
Bootminds Systems,2,3.6
Habuild,2,3.5
HUCON Solutions,2,3.6
HSBC,2,3.6
TechPerspect,2,3.1
HR India Solutions,2,3.6
Book My Tour Now,2,3.4
Irth Solutions,2,3.1
Iris Info,2,3.6
Iris Consultants,2,1.3
Iquanti,2,4.0
Involead,2,2.7
Bonami Software,2,3.7
Itorizon,2,2.9
Zuree Telecom,2,3.8
Zuntra Digital,2,3.9
Zoom Start India,2,3.6
Zoom Info,2,3.6
TechMatrix,2,3.4
Intellinet Systems,2,4.4
Intellify Solutions,2,4.1
FNZ Group,2,3.1
Hellogtx,2,3.6
Addverb Technologies,2,3.5
Inteliment,2,3.8
Intelgic Technologies,2,3.0
Integrity Knowledge Services,2,4.0
Adapty Solutions,2,3.7
Wood India Engineering & Projects,2,3.8
Harbinger Systems,2,3.3
Halewood Laboratories,2,3.3
Haier Appliances,2,3.9
Hackveda,2,3.1
with one of our Level 5 Client,2,3.6
FCI CCM,2,4.4
"AI-driven SaaS for web, mobile and API testing",2,3.6
AI Touch,2,3.5
Mold Masters,2,3.7
Zyoin,2,3.6
Zynoviq Solutions,2,3.6
Zynofus Technologies,2,4.4
Intech Creative Services,2,3.7
Interra Information Technologies,2,3.2
Internal,2,3.6
Intello Labs,2,3.7
AuxoAI,2,3.6
Intellioz Solutions,2,2.6
Automotive Manufacturers (AMPL),2,3.6
Neuronimbus Software Services,2,4.1
Fan Tv Ai,2,3.6
Eli Lilly And Company,2,3.3
ArohaTech,2,4.2
National Australia Bank (NAB),2,3.0
Trafigura,2,3.2
Tradebyte,2,3.6
Tracxn,2,2.6
Tquanta Technologies,2,4.0
quadric.io,2,3.6
Fabric,2,3.6
phData,2,3.9
workxmate,2,3.6
Innovant,2,3.6
Mobikwik,2,3.4
Hexonica,2,4.2
Hetfy Software Solutions,2,3.6
Hersheys,2,4.0
Hermit Coffee,2,3.6
Instance Soft Corp,2,3.6
Mizuho Global Services,2,3.1
Feathersoft Info Solutions,2,3.9
Insights India Relationship Management Services Pvt. Ltd.,2,3.6
Insight Global Technologies,2,3.55
Mindlink Infotech,2,3.6
n,2,3.6
stenohouse,2,3.6
Mindfount Infotech (opc),2,3.6
Nepra Environmental Solutions Technologies,2,3.7
Swaas Systems,2,3.9
Millipixels Interactive Llp,2,4.3
Milliman,2,3.2
Bigtapp,2,2.4
Big4 Company,2,3.6
Synchrony,2,4.3
Symphonyincubator Business Services,2,3.6
Insider Biz,2,3.6
Integra Software Services,2,3.8
Intechnative Systems & Services,2,4.8
Mirketa Software,2,3.1
Ingersoll Rand,2,3.8
Innowise,2,3.5
Innowave360 Consulting Private Limited.,2,3.4
Mirafra,2,3.6
Innover Digital,2,4.3
Innoventes Technologies,2,3.9
Innovative Engineering Products,2,4.9
Innovatexiq Solutions,2,3.6
datavruti,2,3.6
ACV Auctions,2,3.7
ACG,2,3.8
Aeris Infrastructures,2,3.6
client of Anlage,2,3.6
Hoonar Tekwurks Consulting,2,3.4
Innov7 Lab,2,3.6
Neowaretechnology Solutions,2,3.5
Innodel,2,4.5
Inner Eye Consultancy Services,2,3.0
Neoteric Research Consulting Services,2,2.6
World Business Lenders,2,3.8
Workiy Technologies,2,4.8
Hireginie Talent Cloud,2,3.6
Hire Techly Solutions,2,3.6
Workforce Next,2,4.0
Inmobi,2,3.0
Inkrevenue,2,2.7
Ingold Solutions,2,4.5
Infiligence,2,3.6
Workday Inc,2,3.4
Inference Labs,2,3.1
Adecco India,2,3.6
Hof Furniture System,2,4.0
Hocco Industries,2,4.4
Nelito System,2,3.2
Meyrahkee,2,3.6
Hiringeye Solutions,2,3.6
Neev Advisory Research & Consultancy Services,2,3.6
Finnup Solutions,2,4.2
Finlender,2,3.0
Horiba India,2,3.4
e-Labs Infotech,2,3.6
Neerman,2,3.7
Nbits,2,5.0
Mindstech Recruitments,2,3.6
Hollister Medical India,2,4.0
Holcim,2,3.5
FieldAssist,2,3.3
Infocastel,2,4.0
InfoStride,2,3.3
InfoLabz IT Services Pvt. Ltd,2,4.1
Hughes Systique,2,3.7
Stefanini,2,2.7
Hotfoot,2,2.9
Infiniti Research,2,3.3
Indian Service Based Company,2,3.6
Indian School of Development Management (ISDM),2,3.4
Indian School of Business & Finance (ISBF),2,3.6
IndiaNIC,2,3.4
IBS Software Services,2,3.5
IBS Intelligence,2,1.0
India Mortgage Guarantee Corporation (IMGC),2,3.1
Indegene,2,3.3
State Street,2,3.5
electronics,2,3.6
edWisor.com,2,3.0
A client of Symphoni HR,2,3.6
A client of Cloud Talent Search,2,3.6
A Private Sector Bank,2,3.6
A MNC Client of GSN,2,3.6
A Leading IT Services Company,2,3.6
IHFL,2,3.7
Stanra Tech Solutions,2,3.6
Ikrux,2,3.6
Ikigai Labs,2,3.6
Iitjobs Inc.,2,3.6
Iiedm,2,3.7
Stanley Black & Decker,2,3.7
Hypersonix,2,2.6
Hyperion Materials & Technologies,2,3.9
Huzzle,2,3.6
Husky Injection Molding Systems,2,4.2
Stackadroit,2,4.3
Brainwonders,2,3.9
Anyworks In,2,3.6
ISEARCH CONSULTING SERVICES,2,3.6
Anupam Technologies,2,3.5
Navtor,2,2.4
University Living Accommodation,2,3.9
INFINX,2,3.7
Unitrestech Solutions,2,3.6
IIFL Home Finance,2,3.75
United Hr Solutions,2,4.1
Icit,2,3.8
Incedo,2,2.9
Fiddich Consulting,2,3.6
Impactqa,2,2.9
Impact Analytics,2,4.0
IHG Hotels & Resorts,2,3.6
Iboon Technologies,2,4.6
3Pillar,2,3.1
3P HR Consultants,2,3.6
3M India,2,3.9
others,2,3.6
IT Services and Consulting,2,3.6
IT Monteur,2,1.8
IT By Design,2,3.1
.,2,3.6
iQuest Management Consultants,2,3.6
i-Qode Digital Solutions Private Limited,2,4.8
32co,2,3.6
3Shool Technology Consultants,2,3.6
unionsystems technologies,2,4.3
tsworks,2,5.0
Fello,2,3.5
Episode Six Inc,2,3.6
Envecon It Systems,2,2.7
Medtek Dot Ai,2,3.1
Top MNC Company,2,3.6
"Top B2C/B2B Corporate,MNC in IT Services Domain",2,3.6
mycityband,2,3.6
moglix,2,3.3
Idemia Syscom,2,3.8
Idemia Group,2,3.8
Enthuziastic,2,3.7
sharpheads,2,3.6
Ideapoke,2,2.3
3 Brothers Agri Export,1,3.8
tuv Rheinland,1,4.1
upGrad,1,3.3
vnnogile,1,4.3
www.kaushalhr.com,1,3.6
xTenTeam,1,3.6
-,1,3.6
protiviti india,1,3.6
sRide,1,4.0
smashr global client,1,3.6
spiro,1,3.6
suzva.com,1,3.6
3sixty It Solutions,1,4.0
3menstudio,1,4.9
3i Infotech,1,3.5
3across,1,3.6
3Di Systems,1,3.5
orcapod,1,3.6
one of the MNC company,1,3.6
multi client,1,3.6
mastertrust,1,3.4
lightcast,1,4.4
kezan,1,3.6
k24 staffing solutions,1,3.6
A Fintech- Payment Domain,1,3.6
A Client of Ventures HRD Centre,1,3.6
A Client of TEAM RECRUITERS (TRADING PLATFORM),1,3.6
A Client of GSS Partners,1,3.6
Iflair Web Technologies,1,3.6
Idreambiz,1,3.4
Idoss Technologies,1,3.6
Identixweb,1,3.3
Idealake Information Technologies,1,3.2
Ideaboard,1,4.3
Idbi Capital,1,3.7
Icubespro,1,3.6
Icresset,1,3.6
Icreate,1,1.9
Icon Client,1,3.6
ISS SDB Security Services,1,4.1
IPS group,1,3.6
INTIME IT SERVICES PRIVATE LIMITED,1,3.6
INSTINCT,1,3.6
IKS HEALTH,1,3.6
IHLD MedTech,1,3.6
IGO Agri Techfarms,1,4.6
IFS India Mercantile,1,4.8
IDP,1,3.6
IDM Works It Solutions Global,1,3.8
IDFC FIRST Bank,1,3.9
IConflux,1,1.6
ICONMA,1,3.6
ICG Medical,1,2.3
Imaginators Try Going Beyond,1,3.6
Illuminz,1,2.7
Ilink Talent Solutions,1,3.6
Iktara Data Science,1,3.6
Ikon Marketing Consultants,1,3.6
Igloble Solutions,1,4.9
Ifour Technolab,1,3.4
Incquet Solutions,1,3.6
Incode Technologies,1,3.6
Incanus Technologies,1,3.3
Inaaya Daycare & Activity Centre,1,5.0
InLane Technologies,1,3.6
In Time Tec,1,3.2
Improx Data And Cloud Consulting,1,1.0
Impresio Studio,1,3.6
Impelsys,1,3.0
Impactiva,1,3.9
Impact Guru,1,3.5
Immidart Technologies,1,3.3
Imedhas,1,3.6
Imarque Solutions,1,3.1
Imanage,1,4.6
IIFL Finance,1,4.0
I3nanotec,1,3.8
I-ray It Solutions,1,4.5
I Market & Manage,1,3.6
I Dream Education,1,3.3
Hyundai Motor,1,4.1
Hyundai Glovis,1,3.6
Hytech Professionals,1,3.2
Hyrezy Talent Solutions,1,3.6
Hyperthink Systems,1,2.4
India Glycols Limited,1,3.6
Indexial,1,4.5
Indbank Global Support Services,1,3.2
Inda Seo,1,1.6
Incusol,1,3.6
Incubyte Datatech,1,4.4
IncubXperts,1,3.7
Humanetics Innovative,1,4.4
Humanebits,1,4.4
Indicosmic Capital,1,3.4
Indiassetz Infra Services,1,3.7
Indianoil Total,1,3.8
Indian MNC in IT Services Domain,1,3.6
Indian Institute of Technology Kanpur (IITK),1,3.9
Indian Institute of Patent and Trademark Education and Research,1,4.5
IndiaMART,1,3.5
IndiaFilings,1,3.7
India's topmost FMCG Conglomerate,1,3.6
India's leading executive search and Talent advisory firm,1,4.2
India's leading business house.,1,3.6
ICA Edu Skills,1,3.8
IBS Software,1,3.5
IBEForuM,1,3.6
Induspect India,1,3.6
Indusind Bank,1,3.4
Inductus Consultants,1,2.5
Indsafri,1,3.6
Indovation Lab,1,3.6
Indoqubix Cloudtech,1,3.2
Indo Global Esupport,1,3.5
Indo Count Industries,1,3.5
Indix,1,3.6
Indigo Information Systems,1,3.7
Indifi Technologies,1,3.6
Hygienic Research Institute,1,3.6
Hyfun Foods,1,4.2
Huquo Consulting,1,3.6
Hunger Inc,1,3.9
Humanware Solution,1,1.1
Htsm Technologies,1,2.4
Hsquare Sports,1,3.6
Hrassistance India Consultancy,1,3.5
Hr365 India,1,3.4
Houston Systems,1,4.2
Houseeazy,1,4.4
House Of Diagnostics,1,4.1
HotelHub,1,2.8
Infiniti Software Solutions,1,4.4
Infiniti Power,1,4.7
Infinit O,1,2.2
Infimetrics Info Solutions,1,3.6
Infidigit,1,3.8
Inevitable Infotech,1,3.9
Industry:NBFC,1,3.6
Industry Inc,1,3.6
Homelane,1,3.3
Homein,1,3.6
Homebell Interiors,1,3.6
Hollister Global Business Service India,1,4.1
Infoblox,1,3.8
Infoaxon Technologies India,1,3.0
InfoVision Inc.,1,3.6
Info Solution,1,2.6
Influencermarketing.Ai,1,3.6
Infizius,1,3.6
Infinnium,1,4.8
Infinizi,1,2.9
Infinity Jobs Noida,1,3.6
Human Asset Management Services,1,3.6
Hubotx Labs,1,3.6
Hubhopper,1,4.4
Hiring for one of the service based MNC,1,3.6
Infozion Technologies,1,5.0
Infosystem Consulting,1,3.6
Infoseeds,1,3.6
Informatics Publishing,1,3.9
Inforizon,1,3.6
Infoneo,1,3.5
Infomerics,1,3.5
Infomerica,1,3.3
Infomatics,1,3.1
Infogrowth,1,3.6
Hospital Equipment Manufacturing Company,1,2.9
Hornbill Drone Technologies,1,3.6
Hops Healthcare,1,2.5
Hopequre Wellness Solutions,1,4.0
Honeybeez,1,3.6
Hire Bridge Consultancy,1,3.6
Inmorphis Services,1,4.1
Inlogic Technologies,1,3.4
Initor Global,1,2.7
Inito,1,3.7
Inhyma Solutions,1,3.6
Ingsol,1,4.1
Ingeniworx Business Solutions,1,3.7
Ingenium It,1,4.1
Infyshine,1,3.6
Infynno Solutions,1,3.2
Hni Gbsc,1,3.4
Hmsa Consultancy,1,3.6
Hiyoshi India,1,3.0
Hiya Digital,1,4.5
Hiring for renowned Service based company,1,3.6
Innovary Technologies,1,3.6
Innova AM Tech,1,4.2
Innotek Furniture Fittings,1,3.6
Innostax Software Labs,1,3.2
Innoppl,1,4.2
Innolead Connoisseurs Consulting,1,3.6
Innofied Solution,1,3.7
Hiring for one of the Big4 Company,1,3.6
Hiring for a Leading IT MNC,1,3.6
Hiring for a GCC,1,3.6
Hiring for - Leading IT Co.,1,3.6
Hiring Mavericks,1,3.6
"Hiring For MIS Analyst - US based consulting - Gurgaon , Cyberpark (1 year contract-renewable)",1,3.6
Hireginie,1,3.6
Hireflex247,1,3.6
Hire IT People Inc,1,3.6
Hinduja Tech,1,3.1
Hinduja Housing Finance,1,3.7
Hilti,1,3.3
Highway Roop Precision Technologies,1,3.9
Highbury Consulting Services,1,3.6
High School Moms,1,1.8
High Career Mumbai,1,4.0
Hg Insights Com,1,3.6
Inshorts,1,3.5
Inquizity,1,2.3
Inox Neo Energies Ltd.,1,3.9
Inoryasoft,1,2.9
Inorganic Chemical Producers,1,3.6
Innovins Technologies,1,3.1
Innovatily,1,3.0
Innovatics,1,4.5
Hexadecimal Software,1,3.6
Hevo Technologies,1,4.0
Herox,1,1.4
Heroic Cybersecurity,1,3.6
Hero Fincorp,1,3.9
Instem,1,3.4
Instatalent Recruit,1,3.6
Inspyretek Solutions,1,3.6
Inspirisys,1,3.7
Insolare Energy,1,3.8
Insoft Innovations,1,3.6
Insigno Quipment Technologies (India) Private Limited,1,2.6
Insight Global,1,3.6
Insight Advisors,1,1.6
Hindustan Pencils,1,4.1
Hinduja Tmt,1,3.3
Intechhub Solutions,1,3.9
Intech Engineering And Equipments,1,3.6
Intecai Digital,1,2.3
Intas,1,4.1
Intact Insurance Brokers,1,3.6
IntVerse IT Solutions Private Limited,1,3.6
Int9 Solutions,1,3.6
Insync Analytics,1,2.4
Insurtech:,1,3.6
Insuredmine Infotech India PVT LTD,1,3.6
Institute of Information Security IIS,1,1.2
Instinctools,1,3.6
Instinct Digital,1,3.1
Hexnode,1,3.3
Hexira Digital,1,3.6
Hexagon Infosoft,1,3.6
Heera Software,1,3.4
Heavy Engineering Industry,1,3.6
Hear.Com,1,3.5
Healthworksai,1,2.6
Healthflex,1,3.7
Healthark Wellness Solutions,1,3.6
HealthCare.com,1,3.3
Hdfc Securities,1,3.4
Hdfc Sales,1,3.9
Intelizest,1,3.7
Inteliqo Technologies,1,3.6
Inteligenai,1,3.8
Intelegain Technologies,1,3.1
"Integral Information Systems, Pune",1,3.6
Integra Global Solutions,1,3.5
Intechspace Technologies,1,4.2
International Shared Support Centree D,1,1.5
International Homoeo Research,1,3.6
"International Forum for Environment, Sustainability Technology (iFOREST)",1,3.3
Interintel Global Tech Solutions,1,3.6
Interactive Brokers,1,3.2
InterSources Inc,1,3.6
Intent Amplify,1,4.1
Intensiv-filter Himenviro,1,4.0
Intelliworkz Business Solutions,1,1.3
Intelliswift - an LTTS Company,1,3.6
Intellial,1,1.9
Intellect Software Solutions,1,3.0
Hemant And Nandita,1,2.7
Helpage India,1,4.0
Hegoch,1,3.6
Heerasoft Technologies,1,3.6
Investmentor Securities,1,3.6
Investec Global Services India,1,3.1
Inventyv Software Services,1,2.8
Invas Technologies,1,3.4
Inube,1,3.2
Introspective Market Research,1,3.1
Introlligent,1,2.4
IntouchCX,1,2.7
Inthink Knowledge Ventures,1,3.2
Intforce Software,1,3.6
Interviewbit Software Services,1,3.5
Intersoft Data Labs,1,3.6
"Interra Information Technologies, Inc",1,3.2
Interpath Ltd,1,3.6
Internet Soft,1,2.7
International Solar Alliance,1,4.9
Haworth,1,3.8
Havas Media,1,3.2
Hashtechy,1,2.6
Hashstudioz Technologies,1,4.0
Hashira Fintech India,1,3.6
Hash Agile Technologies,1,4.1
Hartley Lab,1,3.3
Harman International,1,3.8
Harf IT Solutions,1,3.6
Harbour Trendz,1,4.2
Ionixx Technologies,1,3.9
Ionic Info Solutions,1,4.5
Ion Exchange,1,3.7
Inxite Out,1,4.5
Inxee Systems,1,2.8
Invixium,1,3.7
Han River Technology,1,3.4
Halder Venture,1,3.5
Hadwise Infotech,1,3.6
Hackersera India (opc),1,1.7
Iron Systems,1,3.2
Irish Taylor & Co,1,1.0
Irama Global Services,1,1.0
Iraje Software,1,3.4
Ipsos,1,3.1
Ipexcel Services,1,3.8
Ipdigital Technologies,1,3.4
Iotech Designs,1,3.6
Iote Technologies,1,3.6
Hcds Technologies,1,2.9
Hazel Systems,1,4.8
Hays,1,3.3
Ivakya Solutions,1,3.6
Itspectrum Solutions,1,4.6
Itransparity Online,1,4.2
Ithink Logistics,1,3.5
Itester,1,4.0
Itechnotion,1,4.8
Itarang Technologies Llp,1,3.6
Italia Ceramics,1,3.8
It minds,1,3.6
Issac Technologies,1,4.0
Ishan Group,1,3.7
Isagebrum Technologies,1,3.6
Harbinger Techventures,1,3.6
"HappyFox, Inc",1,3.1
Hansuttam Finance,1,3.6
Hangar Worldwide,1,3.9
HR Mind,1,3.6
HR Central,1,3.6
HR Anjali- 9687676365,1,3.6
HPL Electric & Power,1,3.7
HNR Tech,1,4.7
HH Global,1,3.8
Jacobs,1,4.2
JSM Technologies,1,3.3
JK Tech,1,3.8
JIS University,1,3.5
JIL Information Technology,1,3.7
JCPenney,1,3.8
JAY Jalaram Technologies,1,4.7
J.D Jones & Company,1,3.0
J P CHAWLA & CO. LLP,1,4.0
Ivedha,1,3.2
Jewelex India,1,4.0
Jesper Apps Software Services,1,3.4
Jensen Hughes,1,3.6
Jenoptik India,1,1.8
Jazzx Ai,1,3.6
Jay Chemical Industries,1,3.9
Jason School,1,3.6
Jashubhai Group,1,3.4
Jarvis Consultancy & Services,1,3.6
Janakalyan Financial Services Pvt. Ltd.,1,3.6
Jaivel Aerospace,1,1.7
Jain Info- X LLP,1,1.0
Jai Research Foundation,1,4.2
Jaguar Land Rover,1,4.0
Jagruti Rehabilitation Center,1,3.8
HTC Global Services,1,3.6
HDFC Credila,1,3.7
HARP,1,3.6
H&mv Engineering,1,2.8
H R D Diamond Institute,1,4.1
H B Fuller,1,3.6
Gyrus systems,1,4.8
Gypsum Structural,1,2.9
Gyan It Consulting,1,4.6
Gururo,1,3.6
Gunn Solution,1,2.6
Jinrai Technologies,1,3.6
Jindal Steel Limited,1,3.9
Jindal SAW Ltd.,1,4.0
Jindal Online.com Ltd,1,3.6
Jidoka Technologies,1,3.6
Jforce Solutions,1,2.3
Gryphon Hytech Services,1,4.0
Growthspree,1,4.5
Growtharc Technologies,1,4.1
Growmor Strategic Management P. Ltd.,1,5.0
Jodo,1,3.7
Jobsmill Business Solutions Pvt Limited,1,3.6
Jobpoint,1,3.6
Jobaaj Com,1,3.6
JobSeeker Consultants,1,3.6
Job24by7,1,3.6
Job Solutions,1,3.6
Jmoon Technologies,1,3.6
Jjsoft Techno,1,4.7
Jivika Agri,1,2.9
Jio bp,1,3.6
HELYXON Healthcare,1,1.8
Grintex,1,4.0
Grids And Guides,1,3.6
Greystar,1,3.7
Justforpay,1,3.6
Jupiter Business Systems,1,4.6
Jumpcloud,1,2.9
Juego Studio,1,4.1
Jovox,1,3.6
Jovial Digital Services,1,3.6
Jossmin Valves And Automations,1,3.6
Josh Technology Group,1,2.6
Johnnette Technologies,1,4.2
Gun Marine Services (GMS),1,3.0
Gullysystem,1,4.0
Guenstiger.de,1,3.2
Gtropy Systems,1,3.9
KPI Suitetech,1,3.6
KP Excellence,1,2.9
KOR Energy,1,4.4
KKR,1,2.7
KK Valuation Services,1,5.0
KGK Group,1,3.3
KBS Creations,1,4.4
KAY Multimedia Solution,1,3.6
K Raheja Corp,1,4.1
K D Hospital,1,4.5
Jyothy Labs,1,4.0
Group 108,1,4.4
Ground Zero,1,3.0
Gromo,1,4.3
Grocio,1,3.6
GroMo,1,2.9
Kapture Crm,1,3.2
Kapston Services Limited,1,4.0
Kapitus Strategy Services,1,4.2
Kapgrow Corporate Advisory Services Pvt. Ltd,1,1.1
Kankei Relationship Marketing Services,1,3.4
Kanakavalli Retail Venturess,1,4.5
Kalpesh Group,1,3.6
Kalpakaaru Project,1,3.8
Kalkey Solutions,1,3.6
Kalim Group Of Companies,1,3.6
Kaleesuwari Refinery and Industry (KRIPL),1,3.9
Kaba Group,1,5.0
KW Homes,1,4.9
KRG Technologies,1,4.3
KPMG Assurance and Consulting Services LLP,1,3.4
KPMG,1,3.6
Greenthumbs,1,3.6
Greensturn,1,1.5
Greensoft,1,3.6
Greenland Investment Management,1,2.3
Greenitco Technologies,1,3.2
Greencell Mobility,1,3.5
Greenarc Capital,1,4.1
Greenai Services,1,3.6
Green-cad It Consulting,1,1.2
Green Valley Academy,1,3.6
Green Soft Solutions,1,4.1
Green Packaging Industries,1,4.2
Green Leaf's Client,1,3.6
Karomi Technology,1,3.5
Karini Ai,1,5.0
Kapu Gems Llp,1,2.6
Grant Thornton,1,3.4
Grand View Research,1,3.2
Kemsys Technologies,1,3.0
Kemin Industries,1,4.2
Kelsa Works,1,3.6
Keeptruckin,1,3.8
Keasis Inc,1,3.6
Kazhuga,1,3.6
Kazam,1,3.6
Kayzen,1,4.3
Kawen Manpower,1,3.6
Kaufman Rossin,1,4.0
Kastech,1,3.6
Karvy Infotech,1,4.1
Karuna Management Services,1,3.6
GreyOrange,1,3.0
Godrej koerber Supply Chain Ltd,1,3.0
Godrej Properties,1,4.0
Goda Agro Tech,1,2.0
Kids Age,1,3.0
Kiash solutions,1,3.6
Khan Global Studies,1,3.2
Kh Skill Academy,1,3.6
Kerten Hospitality,1,3.6
Kepio Engineering Services,1,3.5
Kenil Network,1,2.7
Greeksoft,1,3.3
Great Place to Work,1,3.6
Graycell Technologies,1,3.7
Gravity Infosoft,1,3.6
Gratuity Consulting Services,1,3.6
Grass Roots Research & Creation,1,4.7
Globe Ecologistics,1,4.2
Globally renowned large MNC with pan India presence,1,3.6
Klarin Technologies,1,3.6
Kiwitech,1,3.6
Kitecyber,1,3.6
Kisan Kalyan Foundation,1,3.6
Kiprosh,1,4.7
Kinesso,1,3.1
Kinara Capital,1,4.2
Kilonewtons,1,3.6
Gramian Consulting,1,3.6
Graas.AI,1,3.0
Goodland Surveys,1,1.9
Goldenlion Consulting Services,1,3.4
GoldenHIre Consultancy,1,3.6
Goibibo,1,2.5
Koo,1,2.6
"Kontoor Brands, Inc.",1,3.7
Konnect Insights,1,3.9
Konceptogen Healthcare,1,3.6
Koita Foundation,1,3.6
Koimoi,1,2.4
Kognitiv,1,3.3
Kobie Marketing,1,3.6
Knowmax,1,1.5
Kloudflux Technologies,1,3.6
Gobind Machinery Work,1,3.6
Gnanam Institute For Training In Advanced Analytics,1,3.6
GlowTouch,1,3.0
Glow Valley,1,3.6
Globus Thenken,1,3.7
Globetrend Climate Impact,1,3.6
Global Opportunity,1,3.6
Global Nanotech,1,3.6
Global Infrastructure Advisory Services,1,2.9
Global Infoways,1,3.3
Global Giant MNC,1,3.6
Global Garner Sales Services,1,3.0
Global Fpo,1,3.7
Krazy Bee Services,1,3.5
Kpisoft Technologies,1,3.5
Kozma & Kozma,1,3.6
Kotak Securities Limited,1,3.4
Kotak Mahindra Bank,1,3.6
Kotak Investment Advisors,1,3.6
Kornferry,1,3.6
Korn Ferry,1,3.6
Koottu Inc,1,3.6
Kyt Ventures,1,3.6
Kyptronix,1,4.2
Kwality Polythreads,1,2.7
Kushagramati Anaytics,1,3.6
Kus Software,1,4.0
Kunshan Q Tech Microelectronics,1,3.6
Kumaran Systems,1,3.2
Kronicle Research,1,2.0
Kritikal Securescan,1,3.0
Krishna Technologies,1,3.6
Krishagni Solutions,1,3.9
Krisala Buildtech Llp,1,3.5
Krib Information Services,1,4.8
KrazyBee,1,3.5
Global Technology Company,1,3.6
Global Solutions,1,4.2
Glenninfo Techindia,1,3.8
Glenmark Pharmaceuticals,1,3.8
Glean,1,4.1
Give My Certificate,1,3.6
Gitf Consulting Services India,1,3.6
Giskernel Technologies,1,3.6
Girikon Solutions,1,3.6
LRP Captivators,1,3.9
LRN Corporation,1,3.5
LPL Financial,1,1.7
LPG Distributor,1,4.6
LOGESYS SOLUTIONS INDIA PRIVATE LIMITED,1,3.9
LIC Mutual Fund (LICMF),1,3.6
LEANworx,1,4.1
L&T Finance,1,3.9
Kyzer Software,1,2.9
Getech Systems,1,3.6
Getclarity Fintech Services,1,3.4
Get Place,1,3.6
German MNC,1,3.6
Lalbaba Engineering Group,1,3.3
Laksh Human Resource,1,3.6
Ladera Technology,1,3.6
Labhya Foundation,1,3.0
Labcorp Laboratories,1,3.9
LabVantage Solutions,1,3.7
La Renon Healthcare,1,4.2
La Freightlift,1,2.9
LTIMindtree,1,3.6
LSC Lifesciences,1,3.6
LRQA sustainability,1,3.3
Global Education,1,4.0
Launchio Consulting,1,3.6
Latitude Technolabs,1,3.1
LateShipment.com,1,4.0
Lashika Skincare,1,4.8
Largest IT Consulting,1,3.6
Large Software Product Development Firm,1,3.6
Large IT MNC,1,3.6
Landytech India,1,3.1
Lancetech Solutions,1,3.6
Lance Labs,1,3.6
Lambdatest,1,4.0
Giant MNC,1,3.6
Gharuda Infotech,1,4.2
GharSeNaukri,1,3.6
Getlabs,1,3.6
Getfive Corporate Advisors,1,3.5
Geninvo,1,3.8
GenieTalk.ai,1,3.9
Genesys,1,4.0
Genea,1,4.5
Gemini Exports,1,2.9
Geincept,1,3.0
Leading Data Science Solutions Company - Healthcare,1,3.6
Leading Company in IT Domain,1,3.6
Leading Bank,1,3.6
Leading BPO,1,3.6
Leading B2B content & digital services provider,1,3.6
LeadSoc Technologies,1,4.1
Lawful Legal,1,3.6
Lava International,1,3.8
Laundryheap Limited,1,3.0
Launchveda,1,3.6
Leading Indian IT Company,1,3.6
Leading IT Service MNC,1,3.6
Leading IT Organisation,1,3.6
Leading IT MNC,1,3.6
Leading IT Companies,1,3.6
Leading Global technology Services,1,3.6
Leading Global Investment Bank (via Big 4 MNC),1,3.6
Leading Global IT Service and Consulting Organisation,1,3.6
Leading General Insurance Co.,1,3.6
Leading Firm in Insurance (IMF) Domain,1,3.6
Leading EdTech Technology Company @ Delhincr,1,3.6
Leading E-Commerce MNC,1,3.6
Geostat Informatics,1,3.3
Genworth,1,3.2
Genspark India,1,3.6
Genius Technology,1,3.5
Gaurav Bhagat Academy,1,3.6
Gaur Construction,1,4.3
Gauge Data Solutions,1,3.4
Gassin Pierre Pvt. Ltd.,1,3.4
Leading client,1,3.6
Leading chemical company,1,3.6
Leading US based IT and ITES Industry,1,3.6
Leading US Product Co - Great place to work certified,1,3.6
Leading Payment Company,1,3.6
Leading Media Brand,1,3.6
Leading Maritime software development and IT excellence,1,3.6
Leading MNC into Steam Manufacturing,1,3.6
Leading MNC Consulting Firm,1,3.6
Leading Insurance Domain,1,3.6
Leading Indian IT Service Company,1,3.6
Leading Indian IT MNC,1,3.6
Games2win,1,1.7
GameRun AI,1,1.0
Game Nation,1,2.4
Legalwiz.in,1,4.7
Leeway Softech,1,4.6
Learnqoch,1,4.0
Learnfly,1,4.1
Learneo Com,1,3.6
Leapstrat Interactive,1,4.3
Leanquality Solutions,1,4.1
Leadslogic Media,1,1.8
Leadpulse.io,1,3.6
Leading real estate developers in Delhi/NCR.,1,3.6
Gcube Info,1,3.6
Gavista Tech,1,3.6
Gaurs International School,1,4.1
Levrez Technologies Llp,1,3.6
Leverage Edu,1,4.0
Level Access,1,5.0
Letstransport,1,3.6
Letscms,1,4.7
Lester Infoservices,1,3.2
LenDenClub,1,3.7
Lemon Yellow Llp,1,3.1
Lemon Flip Solutions,1,3.4
Lemolite Technologies,1,2.1
Garudauav,1,3.7
Gartner,1,3.8
Garbha Gudi Ivf Centre,1,3.3
Gammastack,1,2.6
Gamlaa,1,3.8
Gaming,1,3.6
Lion Group,1,3.4
Linz Technologies,1,2.9
Linux Kernel Foundation,1,3.6
Linkcore Trading,1,3.6
Lincoln Pharmaceuticals,1,3.3
Limelitt,1,3.6
Limap Ai Spatial Solutions,1,5.0
Lima Consulting Group,1,3.6
Light Information Systems,1,3.7
Light & Wonder,1,3.8
Lifescience Intellipedia,1,3.9
Life Productions,1,2.3
Liberin Technologies,1,4.1
Lexplosion Solutions,1,2.5
Lexlegis,1,4.2
Lexiboom Ai,1,3.6
Ga Software Technologies,1,4.7
GSdigitalWebSolutions,1,3.7
GSPAN,1,3.6
GSC Technolabs,1,4.6
GSAUTO,1,3.9
GS1 India,1,3.1
Lloyds Infrastructure & Construction,1,3.5
Lloyd Business School,1,3.7
Livpure,1,3.8
Livestrong Technologies,1,3.3
Liveperson,1,2.7
Live Telco Com,1,3.6
Litmos,1,1.9
Listed Org with PAN India presence,1,3.6
Lion Vision,1,3.6
Lion Picture & Frames,1,2.6
Loom Solar,1,3.4
Lollypop Design Studio,1,2.6
Logixal Cloud Solutions,1,3.3
Logicserve Digital,1,2.9
Logicmotive Consultant,1,2.8
Logicmonitor,1,3.5
Log9 Materials,1,3.3
Locobuzz,1,2.9
Lobotus Technology,1,3.2
Loankuber,1,3.6
Loadshare Networks,1,3.5
Lloyds Technology Centre India,1,3.5
Lloyds Offshore Global Services,1,3.6
Galactis Ai Tech,1,3.2
Gainwell Commosales,1,4.0
Gaea Technologies,1,4.4
GO Perfecter Ai,1,3.6
GNA Energy,1,2.7
GMR Airports Infrastructure,1,3.5
GMI Research,1,4.4
GM Analytics Solutions,1,2.6
GLOINNT,1,4.0
GLA University,1,3.6
GJ Tech Solutions,1,2.0
GICIA (GIPL),1,4.0
GFE Business Services,1,3.6
GEx Search,1,3.9
GENZEON (INDIA) PRIVATE LIMITED,1,3.9
Lumina Datamatics,1,3.2
Lumel Technologies,1,3.7
Luma Financial Technologies,1,3.6
Lowe's,1,4.0
MBA Journals,1,3.6
MAQ Software,1,3.1
MALABAR GOLD & DIAMONDS,1,4.1
MAIER VIDORNO (M V),1,3.5
M3 Eu,1,3.6
M/S Dror Services,1,3.6
M Intergraph Systems,1,4.1
Lyftr Talent Solutions,1,4.4
Luxasia,1,4.0
Lux Industries,1,3.4
"Luthra & Luthra LLP, Chartered Accountants",1,2.9
Lumium,1,4.2
Luminous Infoways,1,3.0
Luminite Services,1,3.6
Luminedge Advisory,1,3.6
GOA Software Solutions,1,3.6
GCO Technology,1,4.2
G10 Consultancy,1,3.9
G-P/Globalization Partners,1,3.6
G R Consultants,1,3.6
G Mohandas & Associates,1,3.6
Futurism Technologie,1,3.6
Futuresoft,1,3.5
Futureacad,1,3.6
MJB Technologies,1,3.8
MIL Laboratories,1,3.1
MI Cnc Technologies,1,3.6
MG Tathya Solutions (MGTS),1,4.2
MFinwizard Technology Pvt Ltd ( Fisdom ),1,3.2
MDH Spices,1,3.0
MCT India Infotech Pvt. Ltd,1,3.6
MBS Global,1,3.6
MRO,1,3.0
MP Ensystems Advisory,1,5.0
MNC in B2B IT Services Sector,1,3.6
MNC Firm,1,3.6
MNC Client of GSN!,1,3.6
Futuralis,1,3.6
Fusion Practices,1,3.2
Funic Tech,1,3.6
Fullstack Solutions,1,3.6
Full Potential Solutions (fps),1,3.1
Fulfillment Iq,1,4.1
Fuld Consulting & Analytics,1,3.5
Fulcrum Worldwide Software,1,4.3
GE Appliances,1,3.9
GE Aerospace,1,4.0
GCV Life,1,3.1
Freudenberg Sealing Technologies,1,4.5
Freshworks,1,3.3
Fresh Baked Goodness,1,3.6
Freightos,1,3.2
Freestone Infotech,1,4.5
Freelancer Suresh J,1,3.6
Freedom From Diabetes,1,2.8
Madman Technologies,1,3.1
Madison Logic,1,2.6
Madhu Jayanti International,1,3.5
Maddisoft Solutions,1,3.6
Macrosoft,1,3.8
Machineastro Ahmedabad,1,3.6
Maarga Systems,1,3.9
MYND Intergrated Solutions,1,3.6
MX Build Technologies,1,3.2
Mahesha Software,1,2.0
Maharishi Solar Technology,1,3.6
Maharashtra Industries Development Institute,1,3.6
Magson Retail And Distribution,1,2.9
Magneto,1,3.1
Magnatron International,1,3.4
Magicmind Technologies,1,3.6
Magicbricks,1,3.9
Magicbox Services,1,3.6
Magic Infomedia,1,3.6
Magic EdTech,1,3.5
Magic Bus,1,3.8
Magellanix Technology Solutions,1,3.6
Fugetron Corporation,1,4.3
Ftf Pharma,1,3.8
Fristine Infotech,1,3.1
Frankfinn,1,3.9
Franchisebazar,1,4.2
Frameable,1,3.6
Fragile Websoft Technologies,1,3.6
Foxconn,1,3.8
Fox Sports,1,3.6
Fox It,1,3.5
Fournxt,1,3.4
Foundever,1,3.4
Fosterideaz Services Pvt Ltd.,1,3.6
Fossgen Technologies,1,4.0
Malay Infotech,1,3.3
Mako It Lab,1,4.6
Makerble,1,2.4
Majumdar And Co,1,3.6
Majmudar & Partners,1,4.7
Fortune Cloud Technologies,1,4.2
Fortune 500 supplychain Company,1,3.6
Fortune 500 Company in Industrial Automation,1,3.6
Fortuna Retail,1,3.5
Fortinet Technologies,1,3.8
Manta Health,1,3.6
Manobhu Technology,1,3.6
Manlitics B2b Ites,1,2.3
Manfra Executive Search,1,3.6
Manavlink Advisory,1,3.6
Manav It Solutions,1,3.6
Manasa Mitr Management Consultancy,1,3.6
Management and Computer Consultants (MCC),1,3.6
Management Consulting,1,3.6
ManageArtworks,1,3.5
Freecharge,1,3.7
Marici Solutions,1,3.6
Margy Tech,1,2.5
Margadarshak Centre For Agribusiness Development,1,3.6
Marcura India,1,3.4
Mapple Outright Services,1,2.0
Mappcall Technologies,1,3.6
Manureva Digital Solutions,1,4.4
Manuh Solutions,1,3.4
Manufapp,1,5.0
Mantras2success Consultants,1,3.6
Mantle Solutions,1,3.2
Mantech Publications,1,4.1
Fossee,1,4.9
Fospe Software,1,3.6
"Fortune India 500 MNC, Banking Firm",1,3.6
Fortune India 500 IT Services Firm,1,3.6
Forecastera India,1,3.8
Ford India,1,3.6
Food Hub Software Solutions,1,3.2
Flywings Hr Services,1,3.6
Marlensoft,1,4.3
Markytics,1,2.8
Marks Marine Radio,1,4.6
Marketsmojo,1,1.9
Market Quotient,1,4.2
Market Expertise,1,3.6
Market Access Transformation,1,4.9
Markcipher,1,3.6
MarkTeQ708,1,3.6
Mark43,1,3.6
Mark Honest Digital Solution,1,3.6
Mariox Software,1,3.9
Flobiz A Unit Of Valorem Stack,1,3.4
Flipkoins,1,3.6
Flipkart,1,3.9
Flexur Systems,1,4.5
Massive Jobss,1,3.6
Mascot Events,1,4.5
Mascop Facility Services,1,3.6
Marvel Infocomm,1,1.7
"Maruti Suzuki India Limited, Hansalpur",1,4.2
Maruti Insurance,1,4.3
Marsdevs,1,3.4
Mars Exploration,1,4.2
Fornova,1,2.3
Forever New,1,4.0
Foreign MNC in BPO,1,3.6
Foreign MNC in Analytics,1,3.6
Maven Silicon,1,4.0
Maven Profcon Services,1,3.8
Mavalore Infotech,1,3.6
Maukaa Solutions,1,3.6
Matrix Partners,1,3.8
Matrimony com,1,4.0
Materials Maintenance Management Company,1,3.6
MatchMove,1,3.9
Masterblend Industries,1,4.3
Flydocs India,1,2.6
Fluid Ai,1,1.5
Fluenc,1,3.6
Flowrec Solutions Kolkata,1,4.9
Florencia Healthcare,1,2.2
Flora Food Group,1,2.3
Flocareer,1,4.2
Mechispike Solutions,1,3.4
Measure Marketing Results,1,1.8
Mdi Networx,1,3.9
Mclene Soft Solutions,1,3.6
Mcbird Technologies,1,4.1
Mcafee,1,3.6
McGraw Hill,1,3.5
Mayura Consultancy Services,1,4.3
Mayur Web Technology,1,3.6
Mayoor School,1,4.4
Maya Estate,1,3.6
Maxxzoom,1,3.1
Maxval Technologies,1,3.7
Maxiq Pune,1,2.2
Max It Solutions,1,3.6
Maverick Software India,1,3.6
Fleek,1,3.4
Flash Aligners,1,3.6
Fizzy Softwares,1,3.6
Fitsol,1,4.6
Fita Edtech,1,3.6
Fish Welfare Initiative,1,3.6
Firstsource,1,3.5
Firstsense Technology,1,3.6
Meditab Software,1,3.3
Mediception Science,1,3.0
Medibuddy,1,3.3
Mediaxpedia Technologies,1,5.0
Mediamint,1,2.8
Mediaf5 Digistrategists,1,3.6
Medi Assist,1,3.5
Medanta,1,4.0
Mehta Infosoft,1,3.1
Megdap Innovation Labs,1,3.8
Megastores,1,3.6
Mega Realty,1,3.5
Meegaan Consulting,1,3.6
Mee 2 Bee Smart Services,1,3.6
Firsthive,1,2.6
First Partners,1,3.2
First Livingspaces,1,3.1
First Ladder Management Solutions Pvt Ltd,1,3.6
Firm in Miscellaneous Sector,1,3.6
Firm in IT Services Domain,1,3.6
Fireblaze Ai School,1,3.9
Fionics,1,3.6
Flexi Careers India,1,3.6
Flex,1,3.9
Finnovate,1,4.0
Finkraft,1,3.0
Finkons Advisory,1,3.6
Finhaat Insurance Broking,1,3.7
Finforce Consulting,1,3.6
Findoc Investmart,1,3.4
Metaschool,1,3.7
Metaplore Solutions,1,3.6
Metabook Technologies,1,3.6
Meta Resources Group,1,3.6
Mesprosoft,1,4.6
Merril Pharma,1,3.5
Mentro Tech,1,3.6
Mentorcap Management,1,3.6
Mentor E Services,1,3.6
Meinhardt Group,1,3.4
Micromatic Grinding Technologies,1,4.0
Microfinance,1,3.6
Micro-Sized B2B Firm in IT Services Sector,1,3.6
Michelin,1,3.6
Meytier,1,4.9
Mewar Technology Services,1,5.0
Metropolis Technologies,1,3.6
Metron Security,1,3.6
Metmox,1,2.8
Methodhub Software,1,2.8
Metayb,1,3.8
Metatagg Solutions,1,4.9
Fintellix Solutions,1,3.6
Fintech Cloud,1,5.0
Fintech,1,3.6
Finplus,1,3.0
Financial Management Service Foundation,1,3.6
Financial Company,1,3.6
Final Touch,1,3.0
Final Quadrant Solutions,1,3.7
Milestone Internet Marketing,1,3.1
Milestone Infosoft Solutions,1,3.6
Miles Software Solution,1,3.7
Miles Education,1,3.2
Miles,1,3.4
Miko,1,3.2
Mihup Ai,1,3.6
Migrow Solutions,1,3.6
Migrate Zone,1,2.6
Middleware,1,3.6
Microvision Group,1,4.6
Micron Industries,1,3.6
Fasyl Technology Group,1,3.6
Mindise,1,3.6
Mindfire,1,4.0
"Mindcube Solutions Technology, Consulting & Services",1,5.0
Mindcube Solutions,1,5.0
Mindbowser,1,3.4
Mind Stream,1,3.6
Mind Match Talent,1,3.6
Milkyway Infotech,1,3.0
Findoc Finvest,1,3.4
Findem,1,3.7
Finastra,1,3.7
Finarkein Analytics,1,4.9
Finarb Analytics Consulting,1,3.9
Financial Technology & Solutions Organization,1,3.6
Financial Service,1,3.6
Mishra N Co,1,3.6
Misha Infotech,1,3.5
Mira Safety,1,3.6
Mindzvue,1,3.6
Mindturf,1,3.6
Mindtris,1,3.6
Mindstix Software Labs,1,3.0
Mindsprint,1,3.5
Mindrives Business Solutions,1,4.7
Fiducive Tech,1,5.0
Fidel Softech,1,3.0
Fictiv Technology Solutions,1,3.7
Fiction.com,1,3.6
Feuji Software Solutions,1,3.2
Female Cricket,1,2.2
Federal Soft Systems,1,3.6
Fareportal,1,3.0
Faptic Technology,1,3.6
Famepilot,1,3.6
Falconlabs,1,3.6
Falcon Smart It,1,3.6
Factspan Inc.,1,3.3
Factspan Analytics,1,3.3
Faction Global Infotech,1,3.9
Facctum,1,4.2
Mobifly,1,3.8
MoEngage,1,3.6
Mmsh Clinical Research,1,4.0
Mizuho Global Services India,1,3.1
Mitzvah,1,3.9
Mitigata Insurance,1,3.6
Mississippi Consultants LLP,1,3.6
FIVE STAR Business Finance,1,4.1
FCM Travel,1,3.3
FARE Labs,1,2.5
FA Home,1,4.3
Monarch Innovative Technologies,1,4.9
Momentum Metropolitan Holdings,1,4.1
Momentum Controls Software And Services,1,4.8
Molygraph Lubricants,1,4.0
Molkem Chemicals,1,4.9
Modus Business Transformation Platform,1,2.8
Modulus Research & Analysis,1,3.8
Modern Diagnostic & Research Cente,1,3.9
Moder Solutions,1,3.4
Mobius,1,3.4
Mobisoft Infotech,1,3.6
Farmjunction Marketing,1,4.1
Mostudio,1,3.6
Mostedge,1,3.4
Moshi Moshi,1,2.7
Morneau Shepell,1,3.8
Morae Services,1,3.6
Moofwd Technologies India,1,4.0
Moniepoint,1,1.8
Money View,1,4.1
Money Honey Financial Services,1,1.9
Moneeflo,1,3.6
Fablian Technologies,1,4.8
Fabel Services,1,2.9
Faas Techno And Systems Llp,1,3.6
FTC Solar,1,3.1
FPL Capital,1,3.6
FOX Solutions,1,3.8
Eze Castle Integration,1,3.1
Eyesbit Infotech,1,3.6
Eye Q,1,3.4
Exusia,1,3.2
Exurid Technologies,1,3.6
Extropy Advisors,1,4.3
Extrieve Technologies,1,3.2
Exsilio Solutions,1,4.8
Movius Interactive Corporation,1,2.6
Movin,1,3.7
Mouser Electronics,1,3.4
Mount Peak Capital,1,4.4
Mount Meru Group,1,3.3
Moumita Sarker,1,3.6
Motherson Technology Services Limited,1,3.4
Motherson,1,3.7
Explarity Solutions,1,2.7
ExpertLancing,1,3.2
Expedite Software Service,1,3.7
Exo Infotech,1,3.6
Multicoreware,1,3.7
MultiTV,1,2.6
Multi Commodity Exchange Clearing Corporation,1,3.5
Mudra Ooh,1,3.6
Mtoag,1,4.4
Mspring Infotech,1,3.6
Mprofit,1,5.0
Mplussoft,1,3.7
F6S Network,1,2.5
F5,1,3.2
Ezovion Solutions Private Limited,1,3.0
EzeiaTech,1,4.2
Myospaz Software Technologies,1,3.2
Myglamm,1,3.5
Myclouddoor,1,3.6
MyCityBanglore,1,3.6
My Gst Refund,1,5.0
Mverve,1,2.4
Muverity Consultancy Services,1,4.8
Muthoot Housing Finance Company (MHFCL),1,4.1
Muskaan Dreams,1,3.1
Munyongo,1,3.5
Multiplier,1,3.0
Express Global Logistics (EXG),1,4.2
Expound Technivo,1,4.3
Exposys Data Labs,1,3.8
Exponent Energy,1,3.2
Explorance Analytics,1,2.2
Exillar,1,3.6
Exeter Premedia Services,1,3.9
Exclusivelane,1,4.4
Excelsior Technologies,1,4.1
Excellent Footwear,1,3.8
Excellence Technologies,1,2.5
ExcelR,1,3.6
Exavibes Services,1,3.6
NDS Infoserv,1,3.2
NCR Atleos,1,3.8
NBFC Housing Company,1,3.6
NBFC Company,1,3.6
N. N. Das & Co,1,3.6
N Sight Consulting Group,1,2.5
Mytech Global,1,3.6
Myra Technolabs,1,3.6
NST Cyber,1,3.6
NSPlus Technology,1,3.6
NSM Services,1,4.0
NR GROUP,1,4.5
NOVAC,1,3.5
NMD Placement Consultancy,1,3.6
NMD,1,4.0
NKT Operations,1,3.8
NEC Corporation,1,3.6
Evolute Group,1,4.0
Evia Information Systems,1,3.6
Everstream analytics,1,3.6
Everestek Technosoft Solutions,1,4.1
"Everbridge, Inc.",1,4.6
Exly,1,3.0
Exioms,1,2.6
Etraveli,1,2.8
Etrade Marketing,1,2.6
Ethiqual Global,1,3.0
Etherealflights,1,3.6
Etalent Services Bareilly,1,3.6
Etag Software Solutions,1,4.7
Esycommerce,1,4.5
Estuate Software,1,2.8
Esteem Client of HR Remedy India Pvt. Ltd.,1,3.6
Estee Advisors,1,3.7
Nambi Technologies,1,3.6
Naman Finlease,1,3.6
Nam Info,1,3.8
Nabkisan Finance,1,3.3
NU Technology Inc,1,3.7
NU Technology,1,3.7
Eric Robotics Psipl,1,3.6
Era Infra Engineering,1,3.8
Equiniti India,1,3.6
Equations Work,1,4.6
National Commodity & Derivatives Exchange (NCDEX),1,3.3
Nation With Namo,1,2.5
Nathan Research,1,1.4
Nasu Group,1,3.6
Nasscomm,1,2.4
Nasscom Foundation,1,3.3
Narayana Health (NH),1,4.0
Nano Mag Technologies,1,3.5
Nandan Denim (NDL),1,3.8
Euphoria Interiors,1,3.6
Eulerity,1,3.6
Eula Blue,1,3.6
Eoxegen,1,3.6
Envytee Info Solutions,1,3.6
Envale Systems,1,3.6
Entytle,1,2.9
Entnt,1,4.8
Enthrive Techworld Solutions,1,3.6
Naviga Global,1,3.8
Naveen Enpowertke,1,3.6
Navata,1,3.6
Navadhiti Business Consultancy,1,4.2
Navabrind IT Solutions,1,3.1
Naukri Expert Assist- MNC Financial,1,3.6
Natrinai Technologies,1,4.8
Essar Uk Services,1,4.2
Esri India,1,3.6
Esmech Equipment,1,3.5
Neorealm Solutions,1,3.6
Neoquant Solutions,1,3.6
Neointeraction Design,1,3.6
NeoXam,1,2.7
Neo Wealth Management,1,3.1
Neev Group Of Companies,1,4.5
Neena Impex Pvt.ltd.,1,3.6
Ncr Eduservices,1,3.9
Ncheng,1,2.8
Nbyula,1,4.2
Navneet Education,1,4.3
Navlakha Management Services,1,3.6
Navin Housing Properties,1,3.8
Equans,1,5.0
Epropelled Systems,1,2.4
Epoch Research Institute,1,2.0
Enterprise Bot,1,1.8
Enterprise Analytic,1,5.0
Ensono,1,4.1
Enrich and Enlight Business consultancy Pvt Ltd,1,3.6
Enprowess Technologies,1,5.0
Enlink,1,2.8
Enixo Enterprises,1,3.6
Enigmatics Labs,1,3.6
Englishwise,1,2.4
Engineering Manufacturing Company,1,3.6
Engage2excel,1,4.9
Net Connect Global,1,3.1
Nephroplus,1,3.8
Nephor Research & Technology Labs Private Limited,1,3.6
Neostats Analytics Solutions,1,4.2
Neoscript,1,3.6
Endeavour Consultancy Services And Solutions,1,3.6
Endeavor Magic,1,3.6
Enculture,1,4.5
Encora,1,3.3
Enboarder,1,3.6
Empulse Research And Data Analytics,1,3.7
Netpace Inc,1,4.5
Netlabs Global It Services,1,2.8
NetiApps,1,1.4
Netcoreinfo Business Services,1,3.3
Netcore Cloud,1,4.2
Netchex,1,3.6
NetCreativeMind,1,3.3
Net2Source LLP,1,3.6
Net Impact Solutions,1,3.4
Enthralltech,1,2.7
Nevonprojects,1,3.0
Neurostellar,1,3.6
Neurons It,1,3.6
Neurodiscovery Ai,1,3.6
Neurealm,1,3.4
Neuralsift,1,1.3
Networked Energy Services,1,4.3
Network Techlab,1,3.7
Network People Services Technologies,1,3.0
Nettur Technical Training Foundation (NTTF),1,3.6
Engage Experts Management Consultancies,1,3.6
Enfys Technologies,1,3.6
Enerzinx,1,3.7
Energytech Ventures,1,3.6
Endurance Technologies,1,3.9
Endpoint Clinical,1,3.1
Nexstep Infotech,1,2.0
Nexon Software Solutions,1,2.3
Nexevo,1,4.4
Newt Global,1,4.3
News Technology Services,1,3.9
Newgen Digitalworks,1,3.4
Newedge Overseas,1,1.6
Newagesys Solutions,1,4.4
Newage Fire Fighting,1,1.4
NewVision Software,1,3.4
New Sairam Consultancy,1,3.6
New Relic One,1,2.3
New Modern Buildwell,1,3.1
New Media Guru,1,4.0
New Horizon College Of Engineering,1,3.6
New Era Consulting Services Pvt. Ltd.,1,3.6
Empower,1,3.9
Emplay,1,4.1
Empclaims Solutions Llp,1,2.9
Empaxis Data Management,1,3.6
Emmes Group,1,1.0
Emkay,1,3.7
EmizaInc,1,3.4
Eminenture,1,2.9
Eminent Global,1,3.6
Emerx Services,1,3.6
Nextracker,1,4.2
Nextgensoft Ahmedabad,1,3.6
Nextgen Federal Systems,1,3.6
Nextgen Education Foundation,1,3.6
Nextaccel,1,3.6
Next Gen Paper Solutions,1,2.9
Emami,1,3.8
Emagine,1,3.5
Elula Tech,1,4.1
Elsner Technologies,1,3.4
Elmax Systems And Solutions,1,4.6
Nibiru Fi,1,3.6
Nibav Lifts,1,4.0
Nibav Home Elevators,1,4.0
Nexuslink Services India,1,3.6
Nexus Professionals,1,3.6
Nextzen Minds,1,3.5
Nextwebi IT solutions Pvt ltd,1,3.6
Nextura Ai,1,3.6
Empoweringcpo Services,1,4.0
Empowered Margins,1,3.3
Empower Tamizhagam,1,3.6
Nisus Finance,1,1.8
Nisum,1,2.7
Nissar Consultancy,1,3.6
Nirmitee.io,1,4.5
Nirmals Furnishing,1,3.6
Nirma,1,4.2
Nipha Exports,1,3.6
Ninos It Solution,1,3.2
Ninestars Information Technologies,1,3.2
Nimit Electronics And Equipments,1,4.3
Nilee Games,1,1.9
Nikhil Constructiongroup,1,4.3
Emerging India Analytics,1,2.6
Emergent India,1,3.6
Ementora,1,5.0
Embe Tech Solutions,1,3.1
Northern Arc Capital,1,3.7
Northbrick Ventures,1,4.6
Noora Health,1,4.2
Nomiso,1,2.3
Noida Institute of Engineering & Technology (NIET),1,4.3
No Limit Technology,1,4.1
Niyo Solutions,1,3.2
Nittygritti,1,3.4
Nits Solutions,1,3.0
Elliot Systems,1,4.3
Elixir Pharma Chem Pvt. Ltd.,1,3.8
Elite Recruitment Group,1,3.6
Elevra Tech,1,4.6
ElevenX Capital,1,2.6
Elevatiq,1,3.6
Elevate K 12,1,3.1
Elbex Couriers,1,3.6
Elatech Intralogistics Solutions,1,1.3
Elatebrain,1,3.6
Elastiq,1,4.5
Elasticserve,1,3.6
Elanco Innovation And Alliance Centre,1,3.3
Elanco,1,4.1
Eksource Technologies,1,3.8
Ekshvaku Tech Innovations,1,4.4
Novisync Solutions India,1,5.0
Nova Techset,1,3.3
Notiva,1,3.9
Notion Studios Kolkata,1,3.6
Not Available,1,3.8
Norwin,1,3.6
Norton,1,3.6
Einnel Technologies,1,2.9
Eide Bailly LLP,1,4.7
Eicore Technologies,1,3.7
Ehimaya Technologies,1,4.0
Efforts Solutions,1,3.6
Nuagecx Consulting,1,4.3
NuWare,1,4.1
Ntssoftpro Solutions,1,1.7
Nsiq Infotech,1,3.5
Nplabel,1,3.6
Novulis,1,3.7
Novoxis,1,3.6
NovoTree Minds Consulting,1,3.6
Element Infomatics,1,3.3
Elekore Energy,1,3.6
Elearning Solutions,1,2.7
Edulab Inc,1,4.6
Eduflex,1,3.6
Educe Solutions Pvt Ltd,1,3.2
Educate Girls,1,4.0
Edominer,1,3.3
Nxtwave Disruptive Technologies (Hiring for client),1,3.5
Nxtwave Disruptive Technologies (Hiring for a client),1,3.5
Nxttech Worldwide Llp,1,3.6
Nuvr,1,3.9
Nutanix,1,3.4
Numaware Technologys,1,3.6
Ekagra Practices,1,3.6
Eizen,1,2.3
Eitcafe,1,3.6
EisnerAmper,1,3.1
Eisner Amper Advisory Group,1,3.6
Object Technology Solutions,1,3.6
Oasis Technosoft,1,4.4
OSI Digital,1,3.5
OSB Group,1,3.5
ORION SYSTEMS,1,2.5
ORCAPOD,1,3.6
ONLINE FASHION BRAND,1,3.6
OM Software,1,4.4
OM Careers,1,3.6
OJCommerce,1,4.4
OASIS,1,3.9
O2 Breathing Brains,1,3.6
Edwards Lifesciences,1,3.3
Edureify,1,2.7
Eduqual Learning Solutions,1,2.6
Eduluk,1,3.6
Edgar Efile Solutions,1,3.1
Ecotech IT Solutions,1,3.6
Economist Group,1,3.3
Ecomcure,1,3.6
Ecolibrium Energy,1,3.9
Octobit8,1,5.0
Octavius Pharma,1,4.4
Octaserv Technologies,1,3.5
OctaShop,1,3.1
Oceanstep Clientcentric India,1,1.9
Oceanfrogs,1,4.2
Ocean Websoft Pvt.ltd,1,2.7
Ocean Software Technologies,1,4.5
Observe.AI,1,1.6
Oblytech,1,3.6
Objectwin Technology,1,3.6
EDGE Executive Search,1,3.6
Oliveqsol,1,3.6
Olive Bar & Kitchen - Olive Bistro,1,4.0
Ojb Herbals,1,3.7
Ojas Softech,1,4.3
Oges Solutions,1,3.6
Official Gates Technologies,1,4.6
Offchain Labs,1,3.6
Ofb Tech,1,2.9
Oeconnection,1,3.2
Echofeel,1,2.7
Ebsl Automat,1,4.4
Ebotics,1,3.4
EbixCash Financial Technologies (ECFT),1,2.7
Eazy Recruitment Solutions,1,3.6
Edic Semicon,1,3.4
E2E Infoware,1,3.6
E QL Business Solutions,1,2.0
E Merge tech,1,2.6
E Edge Technology Pvt. Ltd.,1,4.2
Dynatech In,1,3.6
One Identity,1,4.0
Omschrift Inventions,1,4.7
Omniful,1,1.7
Omnie Solutions,1,2.5
Omnicom Media India,1,3.3
Om Lab Centre,1,3.6
Olx,1,3.8
Ea Technologies,1,4.1
ESP Global Services,1,3.6
ERD Technologies,1,3.5
ELK Education,1,3.8
Onsemi Vietnam,1,3.4
Onnivation Ventures,1,3.6
Online Savaari,1,2.4
Online Manufacturing,1,5.0
Onity Group INC,1,3.8
Onit,1,4.3
Onesoft Technologies,1,3.6
Oneroof Technologies Llp,1,2.6
Onelab Ventures,1,3.0
One of the IT Services company,1,3.6
One of the Big 4's,1,3.6
One Take Media,1,4.7
One Stack Solution,1,2.4
ECL Finance,1,3.7
E3 Group,1,3.6
E2developers,1,3.6
DynPro India Private Limited,1,3.6
Dviti Solutions,1,3.6
Durogreen Waste Management,1,4.8
Dupless,1,3.6
Dun & Bradstreet,1,3.0
Duck Creek,1,4.5
Dsoft Innovations,1,4.2
Dsilo Ai Technologies,1,3.6
Openzeppelin,1,3.6
Openstream.ai,1,3.2
Openspace Services,1,4.5
Openhouse,1,2.6
Openbi,1,3.6
OpenCubicles Technologies,1,5.0
Oob Smarthome India,1,1.4
Ontrac,1,3.6
Drona Hq,1,2.2
Drizzle It Services,1,3.6
Drivesavers Data Recovery,1,3.6
Dreamworth Solutions,1,3.1
Dreamscape Media,1,4.0
Drawsera,1,3.6
Dr. Martens,1,3.6
Orange Pet Nutrition,1,4.2
Orai Robotics,1,2.4
Orahi,1,3.4
Opus Technologies,1,3.1
Optiminastic Media,1,1.4
Opsera,1,3.2
Dynata,1,4.0
Dynamic Technosoft,1,3.6
Dynalog India,1,3.2
Doqfy,1,3.7
Doosrigaadiservices,1,3.6
Doors Studio,1,4.3
Doordash,1,2.5
Door Training & Consulting India,1,3.4
Ornnova Technologies India,1,3.8
Ormax Media,1,2.0
Orix Corporation,1,4.2
Orion Edutech Pvt Ltd,1,3.6
Orion Edutech,1,3.6
Orion Consultech,1,3.6
Originux,1,3.6
Oriental Compressor Accessories,1,3.2
Orbis International,1,3.6
Orangebits Digital Solutions Private Limited,1,3.6
Druva Inc.,1,3.7
Oxford University Press,1,3.1
Ownwell,1,3.6
Over a Cup of Tea,1,3.6
OutsourcingHubIndia(OHI),1,3.4
Outseer,1,4.8
Outscalepartners India Pvt Ltd,1,2.4
Outpost,1,4.1
Outnovate,1,4.8
Outline India,1,1.4
Out Of The Blue Ai,1,2.0
Dpsv & Associates,1,3.0
Dp World Global Service Centre,1,4.4
Doyenhub,1,3.2
Doxel,1,4.2
Dover Corporation,1,3.7
Doublu India Private Limited,1,3.6
Dolby,1,4.5
Doceree,1,1.7
Doc Brown Industries Llp,1,2.5
Dmi Finance,1,3.5
Dlux Tech,1,2.7
Dkpl Networks,1,3.0
Djax Technologies,1,3.9
PERSOLKELLY,1,3.6
PERSOL,1,3.6
PEOPLE ALLIANCE,1,3.6
PEB PROJECT CO,1,3.6
PAREKH,1,4.0
PAN India Staffing Solution,1,3.6
P3 India Consulting,1,2.3
Ozeol,1,3.4
Oxyto Global,1,3.6
PTC India,1,4.1
PSI Cro,1,1.7
PSAG Technologies,1,3.6
PROLIM Corporation,1,3.6
PRC Consultancy,1,3.6
PR Management Consultant Faridabad,1,3.6
PNB MetLife,1,3.3
PM Hr Solutions,1,3.6
PLM Indishtech,1,4.0
PIT Solutions,1,3.8
PIERIAN,1,3.3
PES Hr Services,1,3.6
Donaldson India Filter Systems,1,3.9
Donaldson,1,3.9
Domit & Kamel Telco,1,3.6
Dolphinchat Ai,1,3.6
Diverse Infotech,1,3.8
Dispatch Network,1,4.8
Disha Enterprise,1,4.7
Disc Technology Services,1,4.7
Direction Software,1,3.3
Direct Dialogue Initiatives,1,4.2
Dintech Valves Pvt. Ltd,1,3.6
Dinero Software,1,4.7
Diligentminds Consulting,1,3.6
Panalpina,1,3.7
Panaaya Technologies,1,4.4
Paisabazaar,1,3.4
Pairsoft Technologies,1,4.7
Pacific Group,1,2.9
PVH,1,4.1
PURTI POWER & SUGAR LIMITED,1,3.6
Parnassian Ventures,1,3.6
Parity Technology Solutions,1,3.4
Parishil Laboratories,1,2.1
Parentpay,1,3.2
Parel,1,5.0
Parashar Future Defence Technologies Faridabad,1,3.6
Paramverse,1,2.7
Paralleldots,1,4.1
Parakh Associates,1,2.4
Par Techno Heat,1,3.3
Pansari Developers,1,2.8
Panasonic,1,4.0
Dixon Technologies,1,3.9
Dixit Infotech Services,1,3.5
Dixit Global Tech,1,5.0
Divine Flowers Aasaa Divinity Llc,1,3.6
Digitide solutions,1,3.6
Digitex Web IT Solutions,1,4.4
Digitel Media Ahmedabad,1,4.8
Digitalpugs Media,1,4.8
Digitalcobb,1,3.6
Digital Web Solutions,1,3.7
Digital Republik,1,4.3
Paxcom India (P) Ltd,1,3.3
Paxcom India,1,3.3
Pave Infrastructure,1,2.3
Pavago,1,3.6
Patseer,1,3.6
Patio Digital,1,3.7
Parvus Analytics,1,3.5
Parth Rubber Tech,1,2.5
Partech,1,1.5
People Alliance Workforce,1,3.6
Peliqan,1,3.6
Peklenc Ai Research,1,3.6
Pearlsoft Technology,1,4.0
Pearce Services Global,1,3.4
Pccube Softtech,1,1.0
Paypay Corporation,1,2.8
Payglocal,1,3.4
Paydigit India,1,3.6
Pay10 India,1,2.8
Paxethos Technologies Llp,1,3.6
Diligent Corporation,1,3.6
Diksha Technologies,1,3.0
Digixpressions Media,1,3.3
Digiture,1,4.8
Digituala Lab Enterprise Llp,1,1.4
Digital Alchemy,1,4.0
Digital 247,1,3.6
Digit88 Technologies,1,3.7
Digit88,1,3.7
Digit Insurance,1,3.6
Digismiths,1,3.6
Digimonk,1,3.6
Digilytics,1,3.5
Perceptiviti,1,4.2
Pepsico,1,4.0
Pepplo Consulting,1,3.6
Peppermint Communications,1,3.9
Peoplefy Infosolutionss,1,3.6
PeopleStrong,1,3.4
People Prime Worldwide,1,3.6
People Decode Solutions,1,3.4
Diebold,1,3.6
Diaz Legal,1,2.0
Diamond Beverages,1,3.0
Dialdesk,1,3.3
Pharmaceutical Industry,1,3.6
Pharmaace Innovations,1,3.6
Phamax Analytic Resources,1,4.5
Petra India Group,1,3.1
Peritus,1,4.9
Periscope Technologies Inc.,1,4.2
Perfect Intelligent Systems,1,3.6
Digital Media Dmg,1,3.6
Digital It Hub,1,4.4
Digital Innovations,1,2.2
Digital Dogs Content And Media,1,3.6
Digital Convergence Technologies,1,3.9
Pibythree,1,4.4
Pi Square Technologies,1,3.8
Photon Tadpole Studios,1,3.6
Phonologies,1,3.6
Phoneme Solutions,1,3.9
Phoenix Mills,1,3.9
Phikonnect Solutions,1,3.6
Phastar,1,3.4
PhaseZero,1,3.3
Pharmavise Corporation,1,3.6
Digikey,1,3.8
Digidir,1,4.3
Digicommerce Solutions,1,4.6
Digicodes,1,3.6
Digicloud Solutions,1,4.8
Digi Optimizer,1,1.8
Dexterity Projects,1,3.6
Dewii,1,3.6
Devrecon Softwares,1,3.6
Devploy Technologies,1,3.6
Piunikaweb,1,3.6
Pitcs,1,4.2
Piramal Capital & Housing Finance (PCHF),1,4.2
Piquota Digital Solutions,1,3.8
Pipe17,1,3.6
Pioneer Services,1,4.9
Pinkerton Corporate Risk Management India Private Limited,1,3.6
Ping Identity,1,4.6
PineBridge,1,4.4
Pinch Lifestyle Services,1,4.0
Pinax Steel Industries,1,2.6
Pico Xpress,1,3.1
Plastwork Industries,1,2.2
Plastic Abhiyanta,1,3.6
Planit Testing India,1,3.3
Plan Optimus,1,5.0
Plan A Technologies,1,3.6
Pkasti,1,3.6
Pixelstat Esolutions Development,1,3.4
Pixelcode Technologies India,1,3.6
Pivotree,1,3.3
Pivotchain Solutions,1,4.1
Pivot Human Capital,1,3.6
Diabos,1,3.5
Dhyey Consulting Services,1,3.3
Dholera Metro City,1,3.6
Deyor Rooms,1,3.6
Dextra Labs,1,3.6
Podar Education Network,1,4.0
Plutonapps,1,2.2
Plus Fitness 24 7 India,1,5.0
Pluralsight,1,3.0
Plunes,1,1.7
Plumgoodness,1,2.9
Plum,1,2.9
Pluang,1,4.1
Plate Iq,1,4.8
Devon Software Services,1,3.9
Devnco,1,3.6
Developer Group,1,4.6
DevOps Enabler,1,3.4
Deutsche Telekom Digital Labs,1,3.5
Destar Technologies,1,4.9
Deque Systems,1,3.3
Demazi Technologies,1,3.6
Demandlane,1,4.1
Delta Exchange,1,4.8
Delphi Consulting,1,3.3
Delostyle Studio,1,3.9
Deloitte,1,3.6
Ppfas Asset Management,1,3.4
Pozent,1,2.3
Posist Technologies,1,3.2
Posidex Technologies,1,4.2
Posco India Pune Processing Center,1,4.4
Population Foundation Of India,1,3.0
Poonik Technology Pvt.Ltd,1,3.6
Polyxer Systems,1,3.8
Political Sampark,1,2.7
Policybazaar,1,3.7
Pratham Consultants,1,3.6
Prasuma,1,2.5
Prasino Automation And Systems,1,1.0
Prasha Sync,1,3.6
Pranam Recruiters,1,3.6
Prakash Labels,1,3.7
Pragyashal,1,4.2
Pragya Health Technologies,1,3.8
Pragmatic,1,2.3
Pragma Edge Software Services,1,3.0
Practicevantage,1,3.7
Pr Glolinks,1,4.1
Pplanet Hr Services,1,3.6
Denpro Technologies,1,4.1
Dendrite,1,3.6
Demos Project,1,2.5
Delibo,1,3.6
Deepvue,1,3.6
Deeptek,1,3.4
Deepquanty,1,3.6
Deepmatrix,1,4.5
Deeparc Tech,1,3.6
Dedalus Global,1,3.4
Dectree Infotech Mumbai,1,5.0
Decolite Paints,1,3.6
Prayoga Lifesciences Inc,1,4.5
Praxis Info Solutions,1,3.8
Praxis Consutants,1,3.7
Pratyin Infotech,1,4.0
Pratyaksha Medi Care,1,3.6
Pratra Travel Technologies,1,3.7
Pratima Realty,1,3.6
Db International,1,3.6
Dawn Verse Cloud Technologies Hyderabad,1,3.6
Dattus,1,3.6
Datazymes Analytics,1,3.6
Datazoic Machines,1,3.6
Priacc Innovations,1,3.0
Preview Technologies,1,3.2
Pretium Partners,1,3.0
Pressurejet Systems,1,3.9
Presidency Digital India,1,3.6
Prerak Infotech,1,3.7
Premier Consultants,1,3.6
Prem motors Pvt Ltd Malviya Nagar industrial area Jaipur Rajasthan,1,3.7
Predikly Technologies,1,2.9
Delivery Solutions,1,3.7
Delinian Limited,1,3.2
Data Outsourcing India,1,1.9
Prismforce,1,3.8
Prism Logistics,1,1.7
Principle Infra Project,1,3.6
Primus Global Technologies,1,3.6
Primus,1,3.5
Primestar Consulting Services Karnataka,1,3.5
Prime Apps Infotech,1,4.1
Primacy Infotech,1,3.8
Pricelabs,1,4.2
Decode Resolvency International,1,3.4
Decipher Consultancy Services,1,3.6
Decapods Aquaculture Technologies,1,3.6
Dealsdray Online,1,2.6
Dealmoney,1,3.9
Dbsync,1,3.2
Dario Health Services,1,2.5
Daresm Consulting Services,1,3.6
Danish Business Services,1,2.1
Prodigal,1,4.7
Procucev Enterprise Solutions,1,2.7
Procodebase Ai Bangalore,1,3.6
Procloz Services,1,3.6
Probe Information Services,1,3.7
Proarch Technology Services,1,3.4
Privezi,1,3.6
Private Bank,1,3.6
Datavid,1,4.8
Datanetiix Solutions,1,4.3
Dataman Computer Systems (P) Ltd.,1,3.1
Dataintelo,1,4.1
Datahash,1,2.5
Daic Tech Solutions,1,3.6
Daffodil Software,1,3.2
DWPlaceSolutions,1,3.6
Projects Today,1,3.3
Progress Software,1,4.1
Progmattic Ai,1,3.4
Proeffico Solutions,1,4.0
Prodware Solutions,1,3.4
Productlife Group,1,3.7
Product based Company in Online Travel,1,3.6
Prodigit,1,1.0
Data Foundry,1,3.7
Data Core Systems,1,2.9
Data Bridge (DBMR),1,2.8
Data Analytics Company,1,3.6
Dash Technologies,1,4.3
Prosopis,1,3.6
Prosidian Consulting,1,3.6
Prosares Solutions,1,3.3
Propreturns Real Estate Technology,1,3.6
Propertypistol Realty,1,3.8
Property solutions India Pvt ltd,1,3.7
Property Stock Exchange,1,3.6
Prop Solutions4u,1,4.0
Promien Services,1,3.6
Prometheus Consulting,1,2.4
Projecttree,1,3.9
Damooga Foundation,1,5.0
Daksham,1,3.6
Daimler Trucks Innovation Center,1,3.6
Dailyliv India,1,3.6
Dailyhunt,1,3.4
DMS Strategy Consulting,1,4.4
DJT Retailers Pvt Ltd,1,2.4
DISH Network Technologies,1,3.0
DINESHCHANDRA R AGRAWAL INFRACON PRIVATE LIMITED,1,4.0
DHL Supply Chain,1,4.2
DG7 Solutions,1,4.1
Prudentia Group,1,4.0
Prudent Globaltech Solutions,1,4.1
Prudas Technologies,1,4.3
Proxsoft Technologies,1,3.6
Proxelera,1,3.8
Prowess Selling Skills,1,3.9
Provab Technosoft,1,2.9
Protildo,1,3.6
Protean Staffing Pvt Ltd,1,3.6
Protalk Solutions,1,3.7
Pursuit Software Development,1,2.8
Purpos Planet,1,3.9
Pure Storage,1,2.7
Pump Academy,1,4.1
Pulsar Knowledge Centre,1,3.7
Pugdundee Safaris,1,4.8
PubMatic,1,3.4
Psiog Digital,1,3.3
Psag It India,1,2.4
DSV Global Business Services,1,3.6
DSRP Enterprises,1,3.6
DS STREAM,1,3.6
DRL Healthcare,1,3.7
DP World,1,3.8
DNEG,1,3.0
DNA Consult Advisory,1,2.8
Qatar Airways,1,3.5
Qantom,1,3.6
QBI Institute,1,3.6
QAgile Services,1,4.4
Q3 technologies,1,3.4
Q1 Technologies,1,3.6
Q-DAT IT SOLUTIONS PVT. LTD.,1,3.6
Q Institute,1,3.6
Q Centrix,1,3.6
Pyramid It Consulting,1,3.6
Pylon Management Consulting,1,3.6
Putnam Associates,1,2.9
Pushpanjali medi,1,3.9
Purview Services,1,3.6
Purview,1,3.6
Purti Vanaspati Pvt. Ltd,1,3.6
DEK And Mavericks Green Energy Limited,1,3.3
DCKAP,1,3.8
DCB Bank,1,3.6
DANTA TECHNOLOGIES,1,3.6
DAM Capital Advisors,1,4.6
D4 Insight,1,2.7
D2kss Software Services,1,3.6
D-Tech Point,1,4.7
D S Construction Concept,1,3.6
Cyzen Services,1,3.6
Cyntexa,1,3.5
Qolaba,1,3.6
Qnity,1,2.3
Qmoniqs Software,1,3.6
Qeleo Technolabs,1,3.6
Qbotica,1,4.1
CyberCure,1,1.0
Customersucessbox,1,3.6
Custom Soft,1,1.0
Custodian Corporate,1,2.9
Quantbit Technologies,1,4.9
Quantaleap,1,3.6
Qualwebs,1,4.5
Qualitas Technologies,1,2.9
Qualcomm,1,3.7
Quadrytrix,1,2.7
Quadratyx,1,2.7
QuEST Global Engineering Services Private Limited,1,3.6
Qthics Offshore Staffing And Outsourcing Solutions,1,3.6
Qteqx Solutions,1,2.4
Qrewz Ventures,1,3.6
DEL Marchio Eye Wear,1,3.2
Crystal Works,1,2.2
Crpl Infra,1,3.2
Crownstack,1,4.2
Crossshore,1,4.6
Crosslynx Technologies Services,1,2.5
Quation,1,2.8
Quantumzyme,1,2.2
Quantumbot,1,1.0
Quantum Strides,1,5.0
Quantum Business Advisory (QBA),1,3.4
Quantedge Fintech,1,3.6
Cyderes,1,3.5
Cybrosys,1,2.6
Cybonix,1,2.9
Cybertech Systems & Software,1,3.3
Cyberark,1,2.9
Crest Coder,1,4.1
Qwinzi Experiences,1,3.6
Qwickly Ventures,1,3.6
Quisitive,1,2.4
Quintessential Design Services,1,3.6
Quikr,1,4.1
Quidich Innovation Labs,1,2.6
Quicksun Technologies,1,3.6
Quicko,1,2.4
Quest Alliance,1,4.2
Curadev,1,2.7
Cupid Knot,1,2.4
Cuminco Kitchenware,1,3.6
Cubic Fertichem,1,3.4
Cube84,1,4.3
Csquare consultant,1,3.6
RPASoft Solutions Pvt Ltd,1,3.6
RPA Unicorn,1,3.6
RLG SYSTEMS,1,3.3
RETAIL,1,3.6
RDA Labs,1,4.2
R4 Solutions,1,4.0
R3 Interactive Media Solutions,1,3.6
R Systems,1,3.6
R S Patel & Co,1,2.2
R S A,1,3.8
R K Placements,1,3.6
CriterionSoft,1,3.6
Criteo,1,4.3
Crewbloom,1,3.6
Crestech Software Systems,1,3.3
Crest Data Systems,1,4.0
Credy,1,3.6
Creditaccess Grameen,1,3.9
Credit Saison India,1,3.6
Credflow,1,3.6
Credevo,1,1.0
Credence Hr Services,1,3.6
Credable,1,3.2
Crebritech,1,3.5
RTX,1,3.8
RT Global Infosolutions,1,2.7
RSPL Group,1,4.0
RSH Global,1,4.2
RS Infra Projects,1,4.0
RS Components & Controls,1,3.5
RR Groups,1,3.0
RPM Infotech Consulting,1,3.6
Rafox Systems India,1,4.9
Radware,1,3.6
Radix Electrosystems Pvt Ltd.,1,3.4
Radisson Hotel Group,1,4.0
Radicle Software,1,4.1
Radiatechs,1,3.6
Radian Generation,1,3.1
Rabyte Technologies,1,3.4
Createid8,1,3.6
Crayon Infotech,1,2.7
Cratas,1,3.6
Craftedq,1,1.0
Craft Silicon,1,2.9
Crafsol Technology Solutions,1,3.6
Covrize,1,2.4
Crepdog Crew,1,2.1
Rapidise Inc,1,4.7
Rapidera Technologies,1,2.7
Rapidai Vision,1,3.6
"RapidOps, Inc",1,2.5
Rapid Care,1,4.4
Ranpise Digitech Solutions,1,3.6
Ranolia Ventures,1,4.5
Ranking By Seo,1,3.6
Rajiv Gandhi Cancer Institute and Research Centre,1,3.7
Rajalakshmi Mep Works,1,3.6
Raisonminds Solutions,1,3.6
Rais Usa,1,3.6
Rainstreamweb,1,5.0
Railscarma,1,3.6
Rage Coffee,1,3.7
Raftlabs,1,4.2
Coursera,1,3.3
Coursejet,1,3.6
Couponorg Digital Media,1,3.8
Coupondunia,1,4.7
Coupang,1,2.1
Countryroof,1,3.6
Countrees Services And Technologies,1,3.6
Coulomb Ai,1,3.6
Corporate in Petrochemical Domain,1,3.6
Corporate Web Solutions,1,3.6
Corporate Roasters,1,3.6
Raywell Studio,1,1.8
Ravenrock Developments,1,3.6
Ratnabali Capital Markets Limited (RCML),1,3.4
Ratel Fintech,1,3.6
Rapinno Tech Solutions Private Limited,1,3.6
Recrui8,1,3.6
Recrosoft,1,3.4
Recrivio,1,3.6
Reconzo,1,3.6
Reax Technology Platforms,1,3.6
Reapmind Innovations,1,3.5
Realty Assistant,1,3.6
Realtekh Software Services,1,3.6
Reality Tree,1,2.5
Realistic Realtors,1,3.6
Reali Solutions,1,3.6
Real Estate Developer pvt ltd,1,3.6
Reach Technologies,1,4.6
Razial Media,1,3.6
Covalent,1,3.9
Covalensedigital,1,3.3
Coresumo Technologies,1,3.6
Corestrat Labs,1,1.8
Corel Pharma Chem,1,3.9
Cord4 Technologies,1,2.9
Corbus,1,3.5
Copious Software,1,4.6
Copeland,1,3.9
Redsol Global,1,3.6
Redgrape Business Services,1,3.4
Redcoff Technologies,1,3.6
Redbixbite,1,5.0
Redant Labs,1,3.6
RedMango Analytics,1,3.0
Rectitude Consulting Services,1,2.8
Recruitrix Technologies,1,3.6
Recruise India Consulting,1,3.6
Contineu,1,3.6
Contechub,1,2.0
Contango Services,1,3.6
Consultium Ventures,1,3.6
Consultit,1,4.5
Consocia,1,4.5
Relaxo,1,4.0
Relate Infotech,1,3.1
Rekhta Foundation,1,3.8
Rehoboth Academic Services,1,3.6
Regsbase Hub Artificial Intelligence,1,3.5
Rego Mobility Simplified,1,4.5
Regency Technologies,1,3.6
Reflections Global,1,4.0
Reducate AI,1,2.6
Cornpact,1,3.6
Renambl Technologies,1,2.5
Renaissance Academy Of Wisdom,1,3.0
Remoteva,1,3.6
Remote Programmer,1,4.6
Remote Office,1,3.6
Remitly,1,2.3
Relic Consultancy Services,1,3.6
Reliance Power,1,4.1
Reliance Industries (RIL),1,4.0
Relay Express,1,4.1
Coox Online,1,3.5
Cookly,1,3.6
Conversionx,1,3.6
Convera,1,3.7
Convegenius Edu,1,3.9
Continuity 1,1,3.6
Conlang International,1,3.6
Congruent It Services,1,3.6
Confisys,1,3.6
Confidencial,1,3.6
Confiable Solutions,1,3.6
Conciento Tech,1,2.1
Concetto Labs,1,4.0
Concept Kart,1,4.6
Requin Solutions,1,3.8
Reputed Organization,1,3.6
Reputed NBFC,1,3.6
Reputed FMCG company,1,3.6
Reputed Company,1,3.6
Replicon,1,3.5
Rentokil PCI,1,3.5
Renesas Electronics India Pvt. Ltd.,1,3.7
Compliance Hub,1,3.6
Compegence,1,3.7
CompIndia,1,4.3
Communities Heritage,1,3.3
Communication Crafts,1,3.2
Revive Analytics,1,1.0
Revinate,1,3.6
Resource Weaver HR Consulting Pvt Ltd,1,3.6
Resource Pro,1,3.7
Resmed,1,4.2
Research Partnership,1,2.3
Research Division of a Global Shipping Firm,1,3.6
Required US travel sales ops managers/ Dotnet Developer from travel / full stack developer,1,3.6
Connectionphase,1,1.9
Connecting Dot Consultancy,1,3.6
Connected Value Health Solutions,1,2.9
Right Aligned Solutions,1,4.9
Richi Circuitronix,1,3.3
Richas Techpro,1,3.6
Rian Placements,1,3.6
Rhysley,1,3.2
Rhodium Group,1,3.6
Rheo Ai,1,3.6
RheinBrcke IT Consulting,1,3.5
Rezolve,1,3.6
Rezo.ai,1,3.3
Rezinix Technologies Private Limited,1,3.6
Reward360,1,3.1
Concept Biu,1,3.8
Conacent,1,3.5
Comunus Technologies,1,3.3
Compunet Connections,1,4.9
Collar Search,1,3.6
Collance Technologies,1,3.9
Colgate Palmolive,1,3.9
"RiverLog Software, Consulting & Advisory Services",1,3.6
Rite Technologies,1,3.0
Riskspan,1,3.9
Risk Advisors Inc.,1,3.6
Rishi Group,1,3.1
Rishabh Software,1,3.6
Risevertise Media,1,3.6
Ripples Engineering,1,3.5
Rika India,1,3.6
Rightwave Infosolutions,1,3.2
Rightsline Solution,1,2.8
Rightpoint,1,3.9
Right Horizons,1,3.2
Cognitech Web Solutions,1,3.6
Cogniquest,1,2.7
Rockstar Recruiter Llc,1,3.6
Rocketdevs,1,3.6
Roche Information Solutions,1,3.1
Robonic Infotech,1,3.6
Rmsi,1,3.5
Riviera Home Furnishings,1,4.0
Riverus,1,3.6
Commercex,1,3.6
Commerce Pundit,1,3.6
Comfort Infotech,1,3.6
Comcast,1,3.9
Colt Technology Services,1,4.2
Coloredcow,1,1.9
Colliers,1,3.9
Codiste,1,1.6
Codilar,1,4.0
Codigo Technologies,1,3.6
Codezeros,1,3.0
Rubber King Tyres,1,2.9
Royale Hospitality Entertainment,1,3.6
Royal Chains Pvt.ltd.,1,3.7
Roxiler Systems,1,3.2
Rotostat Services,1,3.6
Roto Pumps,1,3.7
Rora,1,3.6
Rootsource Solutions,1,3.6
Rolls-Royce,1,3.8
Cohnreznick,1,3.9
Cohezia Digital,1,4.4
Cognna,1,3.6
Codelattice Digital Solutions,1,4.4
Codedote Technologies,1,3.6
Codeboard Technology,1,3.4
CodeStore,1,4.2
Rxadvance Pbm,1,3.5
Rx Consultants,1,2.2
Rvs Global Solutions,1,1.2
Runwal Enterprises,1,4.1
Rudrabhishek Enterprises,1,3.2
Rudhra Info Solutions,1,3.5
Ruby Consulting,1,3.6
Rubrik,1,2.6
Rubix Data Sciences,1,2.8
Rubick.AI,1,2.1
Coffeebeans Consulting,1,3.9
Coface India Credit Management Services,1,3.6
Cloudwalk,1,3.6
SAM Manpower & Career Services,1,3.6
SAINEST TUBES,1,4.9
S.K.AGARWAL&SON.,1,2.6
S. R. Engineering,1,4.2
S V Scrap Traders Thane,1,3.6
S S Enterprises,1,3.8
S P A Enterprise Info Services (India) Pvt Ltd,1,3.6
S P A Enterprise Info Services,1,3.7
S M Sehgal Foundation,1,4.2
S H A Associates,1,4.6
S B Infowaves,1,4.3
Ryussi Technologies,1,3.6
Ryan Specialty Group,1,3.6
Codemythos Solutions,1,3.6
Codelogicx,1,3.8
SGM Placements,1,3.6
SGC IT Solutions,1,3.6
SGA Adsvita Communique,1,2.7
SG Digital,1,3.6
SEO Tech Experts,1,4.6
SD Industriesindia,1,3.6
SCA Technologies,1,1.8
SBICAP Ventures (SVL),1,3.0
SASA Infotech,1,4.1
SARVP Financial Service Private Limited,1,4.1
CodeCafe Lab IT solutions,1,3.6
Codal,1,3.8
Coal Clean Beauty,1,1.7
CoStrategix,1,2.9
Cloven Media,1,5.0
Cloudy Coders,1,3.4
Cloudnow Technologies,1,2.7
Cloudkaptan Consultancy Services,1,4.0
Cloudjournee,1,3.3
Cloudit Back Office Services,1,2.1
Cloudibn,1,3.6
Cloudeagle,1,2.6
Cloudcraftz Solutions,1,3.0
Cloudberry360 Technologies,1,3.9
Cloudangle It Solutions,1,1.9
SNB Associates,1,3.7
SMG,1,4.2
SMBC Group,1,2.7
SK International,1,3.0
SIMPLE LOGIC IT Pvt Ltd,1,3.4
SGS Infratech,1,2.9
SGP R&D India Private Limited,1,1.6
CloudStakes,1,4.0
Cloud Angles Digital Transformation,1,2.3
ClixLogix,1,3.7
Climate Collective,1,1.0
Clifyx Services,1,3.6
Client of Talent Leads,1,3.6
Client of Talent Corner,1,3.6
Client of TAAS Partners,1,3.6
ST Courier,1,4.2
SSM Infotech Solutions,1,3.0
SRS Live Technologies,1,3.7
SP Staffing Services,1,3.6
SP Staffing,1,3.6
SP Software,1,3.7
SOBHA,1,3.8
Cloudrock Partners,1,4.8
Client of Genetic Callnet Consultancy,1,3.6
Client of Corporate Destination,1,3.6
Client of B Placed Consulting,1,3.6
Clickpost,1,2.1
Clicflyer,1,3.7
Saama Technologies,1,3.6
Saadhvi Technology,1,4.4
SYSTEMS PLUS TRANSFORMATIONS LIMITED LIABLITY PARTNERSHIP,1,3.8
SVR Global,1,2.6
SVN System Technologies,1,4.3
STUTZEN,1,4.9
STP Web Hosting,1,1.5
STP Research,1,3.6
STC Third Eye,1,3.6
STAFFICE GLOBAL PRIVATE LIMITED,1,3.6
Cloudaeon,1,4.3
Clario,1,3.9
Sagility India,1,3.9
Sage Software,1,3.6
Sage Publications India Pvt Ltd,1,3.1
Sagaux,1,3.6
Sagar Informatics,1,2.9
Saffo Solution Technology,1,2.9
Safal Infotech,1,4.9
Sacmi Engineering,1,3.9
Sabmecto Consultancy Services,1,3.6
Saba Well Sdc India,1,4.0
Client of Sunrise Job Consultancy,1,3.6
Client of Spring HR,1,3.6
Client of Seventh Contact Hiring Solutions,1,3.6
Client of Pexrise Solutions,1,3.6
Client of PCB Jobs Search Consultant,1,3.6
Cin7,1,3.7
Ciber,1,3.6
Sakthi Cadd,1,3.6
Saint Fox Consultancy Private Limited,1,4.8
Sailo Technosoft,1,3.6
Saika Technologies Inc,1,3.6
Said Technologies,1,2.5
Sai Chhaya Educational And Welfare Society,1,3.6
Sahyadri Software Technologies,1,4.5
Sahir Impex,1,3.6
Clevdoc Platforms Inc,1,2.4
Cleartrip Private Limited,1,3.3
Cleartrip,1,3.3
Cleantech Services India,1,2.4
Clean Harbors,1,3.4
Clayfin Technologies,1,3.1
Sanjivani Hospital Sambalpur,1,4.1
Sandvik Coromant,1,4.1
Sandhit Foundation,1,3.6
Sand Martin Consultants Pvt Ltd,1,3.6
Samsung India,1,3.9
Samco Mutual Fund,1,3.8
Sambhav Foundation,1,3.8
Salesintel,1,2.7
Salesblink,1,1.0
Salesasaseva,1,3.6
Sales Pro Business Solutions,1,3.4
Cks Global Ventures,1,3.6
Citytech Software,1,3.4
Cityfurnish,1,2.6
Citta Solutions,1,3.4
Citrin Cooperman,1,3.7
Chola,1,3.8
Choice International,1,3.1
Choice Consultants,1,2.5
Chingari,1,3.5
Chidhagni Consulting,1,4.8
Chevron India,1,3.5
Chennais Amirta International Institute Of Hotel Management,1,3.8
Chemtex,1,3.0
Sarvaha Systems,1,4.6
Sardar Patel Renewable Energy Research Institute,1,4.1
Saraca Solutions,1,4.0
Sapient (publicissapient),1,3.2
Santiniketan Medical College,1,3.2
Sanswai Technologies,1,3.6
Sankalp Recreation,1,2.9
Sankalp Group Of Companies,1,3.3
Savaari Car Rentals,1,2.8
Saubhagyam Web,1,4.3
Satyam Venture Engineering,1,3.6
Satvam Consulting,1,3.6
Satva Solutions,1,3.4
Satva Offshore Services,1,3.6
Sattva Consulting,1,3.3
Sattrix Information Security,1,2.8
Satin Finserv Limited,1,3.9
Satin Creditcare Network,1,3.9
Sathi Planners,1,3.6
Sashrik Information Technologies,1,3.6
Sarvayana Sansar Industries,1,3.6
Chryselys,1,3.5
Christ Special School Bangalore,1,3.6
Chola MS,1,3.6
Chapter Vitamins,1,4.4
ChangeLeaders,1,3.6
ChaitanyaHR consultancy,1,3.6
Chain Iq Asia Pacific,1,2.6
Chai Waale Trades,1,3.6
Chadwick Professional Services,1,3.6
Chaahat Homes Infratech,1,3.0
Cetas Information Technology,1,4.3
Scaledge,1,4.2
Scale Delight,1,3.6
Sbcs India,1,3.6
Saxo,1,3.7
Savvy Search,1,3.6
Savvy Greens,1,3.6
Savitara Infotel,1,1.3
Saveer Biotech,1,4.2
Centillonair Tecno Solutions,1,3.6
Cengage Group,1,2.7
Sciative Solution Pvt Ltd,1,3.8
Schoolnet,1,3.9
Schnell Technocraft,1,3.5
Schmalz India,1,3.7
Schlumberger India Technology Centre Pvt. Ltd,1,3.7
Scarbluu,1,4.0
Scandid,1,3.6
Scaleupally,1,3.4
Scaleup Mission IT services,1,4.5
Chemi Culture,1,3.6
Chattertools,1,3.6
Charter Global,1,4.0
Chargebee,1,3.8
Chargeback Gurus,1,3.7
Seaant Web Technologies,1,3.3
Sdad Technology,1,3.8
Scriptrix,1,3.6
Script It Technologies,1,3.6
Scribe Emr,1,3.9
Screenotex Engineers,1,4.6
Scorg International,1,3.6
Scoreme,1,2.4
Scopely,1,4.9
Cerillion Technologies,1,3.7
Cerence,1,3.2
Cequence Security,1,4.0
Centric Consulting,1,3.5
Centre for Computational Technologies (CCTech),1,2.5
Central Business Solutions,1,1.6
Centium Consulting,1,3.9
Celcom Solutions Global,1,3.9
Celcius Logistics Solutions,1,3.0
Cedcoss Technologies,1,3.0
Cayuse,1,3.6
Caxsol,1,3.4
Cava Athleisure,1,2.0
Sentrix,1,3.6
Sense Digital,1,3.1
Semusi Technologies,1,2.7
Seminal One,1,2.7
Selegic,1,2.9
Selections Hr Services Thane,1,3.6
Select Source International,1,3.6
Segula Technologies India,1,3.4
Securdi,1,3.3
Secumax,1,4.9
Seventh Contact Hiring Solutions,1,3.6
Sevenmentor,1,4.3
Sevenm Technologies,1,4.0
Seven Sea Strategies,1,3.6
Seth Anandram Jaipuria School Ghaziabad,1,4.4
Seth & Seth,1,1.8
Servsys Technology Services India,1,4.5
Servosys Solutions ( Unit of EML Consultancy Services Pvt Ltd. ),1,2.8
Serviphi Technologies,1,5.0
Serpent Consulting Services,1,4.8
Serole Technologies,1,2.3
Sequoia Applied Technologies,1,4.6
Sequence Technologies,1,3.6
Cellworks Research India,1,3.6
Celexsa Technologies,1,4.9
Celestica,1,4.4
Cart Geek,1,3.1
Cars24,1,3.4
Carrot Fertility,1,3.6
Carnivore Style,1,3.6
Carnation Infotech,1,3.9
Carmel High School,1,4.0
Carmatec It Solutions,1,1.7
Cargill,1,3.9
Careplix,1,3.2
Careerist Management Consultants,1,3.6
Shaktisoft Projects,1,3.6
Shai Global Analytics,1,3.6
Shadowfax Technologies,1,3.5
Shadow Placements,1,3.6
Shaadi.com,1,3.4
Sgr(777) Foods,1,3.2
Shivark Virtual Academy,1,3.6
Shiv Shakti Metal,1,3.6
Shiv Shakti Machtech Gujarat,1,3.6
Shital Motors,1,3.6
Shipping,1,3.6
Shipmnts,1,4.3
Shavish Group,1,3.6
Shashwat Web Technologies,1,5.0
Sharpwiz,1,3.6
Shark Ninja,1,3.6
Share Samadhan,1,3.4
Sharda University,1,3.7
Sharda Motor,1,3.7
Cashless Technologies India,1,3.2
Carvewing Solutions,1,3.7
Cartinfralog,1,3.6
Career.io,1,1.5
Career Vitaminz,1,3.6
Caredata Infomatics,1,3.7
Care Health Insurance,1,3.5
Care Ai,1,3.6
Caratlane,1,4.0
CarTrade,1,3.8
Capri Technosys,1,4.0
Capline Services,1,3.9
Shraddha Childrens Academy,1,3.4
Shorthills Tech,1,3.6
Shoreline Iot,1,3.0
Shoppers Stop,1,4.0
Shopkart Technologics,1,4.7
Shopclues,1,3.3
Shopback,1,3.4
Shyam Metalics And Energy,1,3.4
Shunya Ekai Tech,1,2.8
Shukla Information Solutions,1,3.2
Shujabits Infotech Solutions,1,4.3
Shubham Group Of Companies,1,3.6
Shriya Innovative Solutions,1,3.6
Shriv Commedia Solutions,1,2.5
Shriram Wealth,1,3.4
Shrinath Services,1,3.6
Shriffle Technologies,1,3.8
Shrewd Techlink Services,1,3.6
Shrei Infosystem And Technoservices,1,3.6
Shree Stem Academy,1,3.6
Shree Prefab Steels Ahmedabad,1,4.1
Shree Balaji Equipments,1,4.4
Careerist Management Consultant,1,3.6
Capco Technologies Pvt Ltd,1,3.8
Capace Software,1,4.0
Capabl India,1,4.4
Canpack India,1,4.3
Candidroot Solutions,1,3.6
Sigma Ai,1,2.6
Sietec Engineering,1,3.6
Sidgs Digisol,1,2.9
Sidel,1,3.6
Sidecar Health,1,3.6
Siddhatech Softwares,1,3.7
Siddha Group,1,3.9
SiamComputing,1,3.5
Shyena Tech Yarns,1,3.5
Shyam Plastic Machinery,1,2.6
Shyam MetalicsDUNAMIS Technologies,1,3.7
Canaco Technologies,1,3.6
Campus Direct,1,3.6
Camp Systems,1,3.9
Callbotics,1,3.6
Calix,1,3.9
Caliber Organisation,1,3.6
Calfus Technologies India,1,3.7
Simplicity First,1,3.6
Silver Touch,1,3.0
Silver Oak Education,1,3.6
Silicon It Solutions,1,4.5
Silent Infotech,1,2.8
Signals And Systems,1,3.8
Sigmen Technologies Solutions,1,3.8
Capital Placement Services Gurgaon,1,3.6
Capital Outsourcing & Management Services Private Limited,1,3.6
Sirpi Datascience,1,4.6
Sirma Business Consulting,1,2.4
Sirionlabs,1,3.9
Singleinterface,1,3.2
Singhi Advisors,1,2.9
Singapore based Software Training Institute,1,3.6
Simulations Public,1,4.9
Simsol Technologies And Services,1,4.2
Simreka,1,4.3
Simran Software,1,4.9
Simpsoft Solutions,1,3.5
Simprosys Infomedia,1,4.4
Simply Vyapar Apps,1,3.7
Simplotel Technologies,1,2.6
Simplismart,1,3.6
Canara HSBC Life Insurance Company,1,4.1
CUSTOMERINSIGHTS.AI India,1,3.7
CTRL Service India,1,3.6
CTD Techs,1,4.1
CT Automotive,1,3.6
CSW Technologies Llp,1,3.6
CSM Technologies,1,3.9
CSC,1,3.5
CR2 Technologies,1,3.6
Skillkrafter Academy,1,3.0
Skilliantech,1,3.6
SkillLabs,1,3.6
Skan,1,3.6
Sixth Circle Technologies,1,3.6
Sitec,1,4.1
Sitara It Innovations,1,1.5
Sis Certification,1,2.2
CMMI Level 5 IT Company - MNC,1,3.6
CM Telematics,1,2.7
CIMET,1,3.2
Smart Source,1,3.6
Smart Soc Solutions,1,3.3
Smart,1,3.7
Smaac Net Solutions,1,4.4
Slintel,1,2.1
Slimes Infraprojects,1,3.9
Sleek Infosolutions,1,3.9
Skynet Technologies,1,2.6
Sky Systems,1,3.6
Skit.ai,1,3.3
Skillsonics India,1,4.3
Cai Info India,1,3.7
Cabirx Consulting Nashik,1,3.6
Snaphyre,1,3.6
Smollan Group,1,3.9
Smith Nephew,1,4.1
Smith And Howard Global Services,1,3.6
Smartx Technologies,1,3.7
Smarthelio,1,3.7
Smartech Interactive,1,1.0
Smartcall Infotech,1,4.2
Smartbulls Fintech,1,3.6
Smart Vibes,1,3.6
CPP Investments,1,2.6
CONVERGIX Automation Solutions,1,2.2
COMPETENT SOFTWARE (CS),1,3.1
CODERS BRAIN,1,3.1
COD Research,1,3.8
CMMI5 IT MNC Company(Multiinational (C2H) Role,1,3.6
CEPT Research & Development Foundation (CRDF),1,1.9
CBRE,1,4.1
CAMSDATA,1,3.5
CA One Tech,1,3.8
CA Constructions Kolkata,1,3.6
Soft Mania,1,3.6
Sofscript Systems & Services,1,3.3
Sodhani Infotech,1,3.6
Sodexo,1,4.0
Socommerz,1,1.7
Socius Innovative Global Brains,1,2.9
Society For Nutrition Education And Health Action,1,3.9
Socialion Media,1,3.6
Snware Research Services,1,3.9
Sneh Projects,1,5.0
Snapmint Credit Advisory,1,3.6
Buzzworks,1,3.6
"BuzzBoard, Inc.",1,2.9
Burson Cohn & Wolfe,1,3.6
Buro Happold,1,2.9
Solve It Consultant,1,3.6
Soltrack Technologies,1,4.8
Solsynch Technologies,1,2.7
Solenis,1,3.5
Solenco Infra,1,3.6
Sol-millennium,1,4.0
"Softura, Inc.",1,3.3
Softqube Technologies,1,3.7
Softone,1,4.9
Softlink Global,1,3.3
Softcrylic Technology Solutions,1,3.4
CES LTD,1,3.3
Budventure Technologies,1,5.0
Btropsn Software,1,3.6
Bsri Solutions,1,3.6
Browseinfo,1,3.9
Bromine Infotech,1,4.7
Soulace Consulting,1,3.6
Soterius Life Sciences,1,3.2
Sorice Solutions,1,4.2
Sora Union,1,3.6
Sonarsource,1,3.6
Somaiya Vidyavihar,1,4.2
C2C Engineering,1,4.3
C S Creative Solutions,1,3.6
Bytes Technolab Inc,1,3.7
Byld Group,1,3.9
By Stadium,1,3.6
Spectrum Consulting,1,2.4
Spectramedix,1,4.0
Spectra Technovision,1,3.3
Sparx It Solutions,1,3.4
Sparkbeyond,1,3.6
Spark Capital,1,3.9
Spacedge Creation,1,3.6
Space Stem,1,3.6
Sovereign Software,1,4.7
Sourceright Technologies,1,3.6
Sourcefuse Technologies,1,2.9
Bureau Veritas India Pvt. Ltd.,1,3.8
Buniyad Real Estate Services,1,4.1
Bumppy Media,1,3.9
BuildxPartners,1,3.6
Bugfoo,1,3.6
BriskWin IT (BWIT),1,3.6
Brilworks,1,3.9
Brihat Infotech,1,4.4
Brightedge,1,1.7
Bright Money,1,3.1
Spinny,1,3.6
Spinebiz,1,2.6
Spice Technology Group,1,3.6
Spherule Foundation,1,4.9
Spes Manning Solutions,1,3.6
Speridian Technologies,1,3.5
Speedcrafts,1,4.5
Speed Engineering Solutions,1,3.8
Spectrum Management Services,1,3.6
Spectrum HR Consultants,1,3.6
Spectrum Filtration,1,3.9
SquareShift.co,1,4.0
Squapl Digital Media Technologies (opc),1,5.0
SpurTree Technologies,1,3.9
Spritle Software,1,3.8
Springer Nature,1,4.0
Springer Healthcare,1,4.1
Spring Time Software,1,4.6
Spreetail,1,3.6
Spraxa Solutions,1,3.6
Spotix,1,3.6
Spml Infra,1,4.0
Splash Math App,1,3.6
Broking Insurance Life & General Insurance,1,3.6
Brodos Ag,1,4.6
Broadway Infotech,1,3.2
Broadway,1,4.1
Bridgeloyalty Customer Experience Management,1,2.7
Bridge Et Al,1,3.6
Brid Tech Solutions,1,3.6
Brevard Public Schools,1,3.6
Breezy Hr,1,3.6
Brave Technologies,1,4.5
Brandpriest,1,3.6
BrandBurp Digital A Fluper Company,1,4.6
Brainworks Business Solutions,1,3.6
Srk Consulting,1,4.2
Srishta,1,4.6
Srinsoft Technologies,1,3.8
Srima Tech,1,4.7
Sri Sathya Sai Consultants,1,4.4
Squareshift Technologies,1,1.8
Squareboat,1,3.2
Bondsindia,1,2.1
Bolt Iot,1,3.2
Star Union Dai ichi Life Insurance (SUD Life),1,3.8
Star Trace,1,2.8
Star Entertainment,1,3.6
Stanquad,1,1.7
Standard Chartered,1,3.6
Stalwart Management Consulting,1,3.6
Staffingly,1,3.6
Staffigo Technological Services,1,3.4
Brainwave Solutions,1,5.0
Brainerhub,1,3.5
Brainbox Innovation Services,1,3.6
Bourgault Enterprise Solutions Llp,1,4.6
Boundaryless,1,3.6
Brigade Group,1,4.1
Blueleaf Energy,1,4.0
Bluebenz Digitizations,1,3.2
Blue Umbrella Limited,1,2.5
Blue Rose Technologies,1,4.0
Blue Lotus Technologies,1,3.2
Stellentcg,1,4.6
Stellantis,1,3.7
Starlight Hr Consulting,1,3.6
Starlabs Technologies,1,3.6
Stardust Cps,1,3.6
StarZen,1,3.6
Bossini Technologies,1,3.6
Borderless Access Panels,1,3.5
Booking Holdings,1,2.8
Bonn Tonn,1,1.0
Bonito,1,3.5
Stratsmith Private Limited,1,3.6
Straction Consulting,1,5.0
Strabus Software,1,4.0
Storilabs System,1,3.3
Storehippo,1,3.6
Sthira,1,4.3
Sterling Ornaments,1,3.5
Sterling Holidays,1,3.8
Sterling Emerson HR Services,1,3.6
Step One Step Ahead Llp,1,2.9
Steora Systems,1,3.6
Stemrobo,1,3.8
Bodal Chemicals,1,3.4
Bluevine,1,2.4
Bluerock Management,1,3.6
Blueoptima,1,2.9
Bloomberg Originals,1,4.9
Blogic Software Technology,1,3.9
Blobstation Bhopal,1,4.4
Bloatware It Solutions,1,3.6
Blitzpath Innovations,1,4.1
Bliss Marcom,1,3.6
Bliss International School,1,4.4
Bliss Gvs Pharma,1,4.1
Blismos Solutions,1,4.3
Student Grad,1,3.6
Stripe,1,2.8
Stringee,1,3.6
Strideone,1,3.2
Street Surge Technologies,1,3.6
Streamonweb,1,3.6
Streamforce Solutions,1,3.4
Summit Information Technologies Pvt. Ltd.c,1,1.7
Sumcon Infraventures,1,3.3
Suki,1,4.3
Sujata Computers,1,4.7
Suchi Semicon,1,3.6
Subex,1,3.4
Suavis India Software Services,1,3.4
Study.com,1,3.3
Study Palace Hub,1,3.6
Studio Graphene,1,4.2
Studio Farms,1,3.6
Studio Diseno,1,2.4
Studify Success,1,2.4
Blue Aves E-health,1,2.6
Blubridge,1,3.8
Bloomreach Technologies,1,4.3
Blanchard Research and Training,1,3.6
Blackngreen,1,3.1
Blackmores Group,1,3.6
Blackbull Law House,1,1.8
Black and white Business,1,3.6
Black and White Business Solutions Pvt. Ltd,1,3.1
Black Gambit Marketing & Technologies,1,3.6
Black Duck Software,1,4.0
Black Box,1,2.9
Superk,1,3.9
Superdoc App,1,3.6
Super Scholar,1,2.9
Suntek It Solution,1,3.6
Sunstar Precision Forge,1,3.3
Sunquest Information Systems,1,3.2
Sundaram Finance,1,3.9
Bix Bytes Solutions,1,3.7
Bitwise Solutions,1,3.6
Bitqcode Capital,1,3.6
Bitpastel,1,3.2
Surya Hospital,1,3.7
Surviva Technologies,1,3.9
Surveyvista,1,3.6
Surgo Health,1,3.6
Suretek Infosoft,1,4.5
Suresh Surana & Associates,1,3.2
Suraksha Diagnostics,1,3.7
Supro Consulting,1,3.6
Supreme Consulting,1,3.6
Superwise Construction Management Software,1,3.6
Superteams Ai,1,3.6
Blis,1,3.2
Biomatrix Healthcare,1,3.6
Biocube,1,2.3
Biocon Biologics Limited,1,4.0
Swarrnim Startup and Innovation University,1,3.2
Swaniti,1,1.7
Suzva Software Technologies,1,3.6
Suzuki Digital,1,4.2
Suviksan Technologies,1,5.0
Suryoday Small Finance Bank,1,3.9
Bizsol Technologies,1,3.6
Bizkonnect Solutions,1,4.6
Bizknowmics,1,4.0
Bizinso,1,2.9
Bizdeed Hr Solutions,1,3.6
Bizbrain Technologies,1,4.8
Biz Tech Analytics,1,3.1
Bigh Bull,1,3.6
SyncUp,1,3.6
Synapticure Inc,1,3.6
Synapseindia,1,3.6
Symphony Fintech,1,3.9
Sybrant Data,1,3.6
Swiss Learning Exchange,1,2.2
Swiftsafe,1,4.8
Bitontree,1,4.6
Bitkraft Technologies,1,1.8
Bitespeed,1,1.0
Bitchief Technology Services,1,4.1
Bismarck,1,3.6
Birdeye,1,3.1
Biotech Vision Care,1,3.6
Biomed Central,1,3.6
Synoris Information System Pvt Ltd,1,3.6
Syngenta,1,4.2
Synesis Consulting & Tech Solutions Private Limited,1,1.7
Synergylabs,1,3.6
Synergy Hpl Solutions Llp,1,3.6
Synergix Services Private Limited,1,4.2
Synectics Inc,1,4.7
Syncortex,1,3.9
Synconics Technologies Pvt. Ltd.,1,3.6
Bio Clean Turnkey Solutions,1,3.6
Bintech Group,1,3.6
Binaryfolks,1,3.6
Bima Kavach,1,4.3
Billroth Hospitals,1,3.5
Bigsun Technologies,1,4.0
Bigstep Technologies,1,4.3
Bharat Light & Power (BLP),1,3.1
Bhanzu,1,3.7
Bhaifi - 360 Wifi Solution,1,4.9
Beyondata Solutions,1,3.5
T&M services consulting Pvt. Ltd.,1,3.6
T R Chadha,1,3.6
T & A Hr Solutions,1,3.6
Syum Technology,1,2.4
Sysvine Technologies,1,4.2
Systems Technology Group (STG),1,2.8
Systechcorp Inc,1,4.5
Sysmic,1,4.2
Sysfort Systems,1,3.6
Sysedge Micro Informatics Private Limited,1,3.6
SysInfoTools,1,4.4
Sys Edge Micro Informatics,1,3.6
THE HR'S MANAGEMENT CONSULTANCY,1,3.6
TGC,1,3.6
TELUS International,1,3.5
TEKSKILL,1,3.6
TEG India,1,4.0
TATA INDUSTRIES LIMITED-TATA INSIGHTS AND QUANTS DIVISON,1,2.9
TALENT HR NETWORKS,1,3.6
TAJ CONSULTNCY,1,3.6
T7E,1,3.7
T3am,1,3.6
T-Systems ICT India Pvt Ltd,1,3.7
Big4,1,3.6
Big and Reputed Leasing Company of Gujarat,1,3.6
Big 4 IT Consulting,1,3.6
Bidsandbeyond,1,3.8
Bharat Wire Ropes,1,3.6
Betanxt,1,3.3
Beta Technology,1,2.7
Bestex Research,1,3.6
Best Engineering Aids Consultancies Pvt Ltd,1,4.0
Best Engineering Aids & Consultancies (BEACON),1,4.0
Bert Labs,1,2.0
Berger Paints,1,3.7
Beracahsoft,1,3.6
Benzara Ecommerce,1,4.4
Benthon Labs,1,3.7
Benovymed Healthcare,1,3.6
TMD Network Solutions,1,4.2
TLD Group,1,3.6
TIH Foundation For Iot & Ioe,1,3.9
TIC Fiber,1,3.4
THE Young Wings Noida Sector 62,1,3.6
Beghou Consulting,1,3.7
Befree Business,1,3.2
Befisc,1,4.7
Beeu Tech,1,3.6
Beejapuri Dairy,1,3.9
Bee Management Consultancy Pvt. Ltd,1,3.6
Bean HR Consulting,1,3.6
Beam Healthcare,1,3.6
TR Chadha Co Llp,1,3.6
TPM Consultants,1,3.4
TPF Engineering,1,3.7
TP Digital Technologies,1,3.8
TOP MNC COMPANY,1,3.6
TNPSFL Technologies Pvt Ltd,1,3.1
TNPSFL Technologies,1,3.1
Beyondalphabet,1,3.6
Bayshore Intelligence Solutions,1,4.5
Baxter Planning,1,3.6
Battery Smart,1,3.3
Basiz Fund Service,1,2.9
Barracuda Networks,1,3.5
Taggd,1,3.6
Tabdelta Solutions,1,2.6
Taazaa Inc,1,4.0
Taashatech Infosolutions,1,4.0
TYASuite Software Solutions Pvt Ltd,1,2.7
TYA Business Solutions,1,2.7
TVS Next,1,3.6
Bennie,1,3.6
Benchmark It Solutions,1,2.8
Benchmark Global,1,3.6
Benchmark Developers,1,2.7
Banking,1,3.6
Ballyfabs International,1,2.0
Bakingo ( A Brand of FA Gifts Pvt Ltd),1,3.5
Bakerstreet Fintech,1,4.0
Baker Tilly Dhc,1,2.2
Talent Monitor Bangalore,1,3.6
Talent Corner Hr Services,1,3.6
Talendroid Technologies,1,4.1
Tala,1,4.1
Takshashila University,1,4.3
Take Two,1,2.9
Takachar,1,2.7
Tailoredcare,1,3.8
Bclericz,1,3.6
Bazaarvoice,1,3.1
Bayslope Business Solutions,1,2.2
Backrock Studios,1,3.6
Bacancy Technology,1,4.0
Babblebots AI,1,3.6
Babblebots,1,3.6
Babaji Shivram Clearing & Carriers,1,3.3
BVC Logistics,1,3.5
Talentwell Solutions,1,3.6
Talentpop App,1,3.6
TalentMint,1,3.6
Talent21,1,3.6
Talent Tribe Nexus,1,3.6
Talent Tribe Global,1,3.6
Talent Steer Partners,1,3.6
Bar Code India,1,3.6
Banu's Holdings Pte Ltd,1,3.6
Banner Engineering,1,4.4
BOL7.com,1,3.5
BNP Paribas,1,3.7
BNI,1,3.1
BMC Consultancy Services,1,3.6
BM CLOUD,1,3.6
Tata AutoComp,1,3.7
Tata AIA Life Insurance,1,3.9
Tarrina Health,1,3.6
Tanla Platforms,1,3.0
Tank Data Solutions,1,2.1
Tangibleheed Infotech,1,4.0
Tangentia,1,4.3
Bajaj Energy,1,4.3
Bafflesol Technologies,1,3.9
Badri Rai & Company,1,3.9
Backspace Consulting,1,3.6
BIG 4 MNC,1,3.6
BGHR INTERNATIONAL SERVICES PRIVATE LIMITED,1,3.6
BEST IT Solutions,1,3.6
BDO Rise,1,3.6
BCE Global Technology Centre,1,4.4
Taxblock India,1,2.5
Tax Connect Advisory,1,3.2
Tatvartha Health,1,3.6
TataMotors Campus Hiring,1,4.1
Tata Play Fiber,1,3.9
Tata Classedge,1,3.6
BTF Technology,1,3.6
BSC Solutions India Pvt Ltd,1,3.6
BRIGHTLY SOFTWARE INDIA,1,2.6
BRG Enterprise Solutions India,1,3.6
BOT Vfx,1,4.3
Azista Bst Aerospace,1,3.4
Azim Premji Foundation,1,3.8
Azeus Convene,1,2.9
Ayursh Technologies,1,3.6
Aye Finance,1,4.1
Tech Firefly,1,3.5
Teccorps,1,4.7
Teamware Solutions,1,3.6
Teamovation Services,1,3.6
Tealvue Software Solutions,1,3.6
Tealogy,1,2.8
Teachers Insurance and Annuity Association of America (TIAA),1,3.7
Tea Research Association,1,4.1
Tayana Mobility Technologies Pvt Ltd,1,3.6
Taxmann Publications,1,3.2
BIG Language Solutions,1,2.9
Axium Global Pvt Ltd,1,3.9
Axis Asset Management Company,1,3.7
Axience,1,3.6
Awign Expert,1,3.6
Awfficacy Global,1,4.4
Techaim Information Technologies,1,4.1
TechBiz Global,1,3.6
Tech Zenon,1,3.6
Tech Mahindra Business Services (TECHMBS),1,3.6
BCC Martech,1,3.0
BAY Area Technology Solutions,1,5.0
BAJEL PROJECTS LIMITED,1,4.2
B3intelligence,1,1.7
B2C travel tech & booking platforms,1,3.6
Azure Power,1,3.9
Azmarq,1,5.0
Technosoft Engineering,1,3.9
Technophilic,1,4.0
Technopals India,1,4.2
Technogeekz,1,3.6
Technofra,1,3.6
Techno Tackle Software Solutions,1,5.0
Techno Exponent,1,3.8
Technix India Solutions,1,2.6
Technext Technosoft,1,4.6
Techmayntra Services,1,3.6
Techknomatic,1,4.4
Techinduct,1,3.6
Techiguru India,1,3.6
Techathalon Software,1,2.2
Techasoft,1,3.3
Axtrum Technologies (formerly BlueThread Solutions),1,3.9
Avignaab,1,3.6
Aviato consulting,1,3.6
Avertis Infotech,1,5.0
Avendus,1,3.9
Avati Consulting Solutions,1,2.8
Avasant,1,3.6
Avantor,1,3.6
AvantEdge Business,1,3.8
Avanse Financial Services,1,3.8
Techster It Services,1,3.6
Techstar Software Development India,1,4.1
Techspawn,1,3.3
Techplus Media,1,3.2
Techocipher It Solution,1,4.9
Technosys Solutions (India) Pvt. Ltd,1,4.8
Technostacks Infotech,1,4.3
Autuskey,1,3.6
Automotive Technology,1,3.6
Automotive Mastermind,1,3.6
Tejas Pharma Kolkata,1,5.0
Tectree Consulting,1,3.6
Tectra Technologies,1,3.2
Tecqubes Technologies,1,4.0
Tecnova India,1,3.3
Tecnicas Reunidas,1,4.8
Teclogos Automation,1,3.8
Techvein,1,4.5
Avtech Software,1,4.5
Avtech,1,3.5
Avtar The Power of Diversity,1,3.6
Aviva India,1,3.4
Avis E Solution,1,4.0
Augie,1,3.1
Audtech Solutions,1,3.6
Audigold Virtual Services,1,4.9
Tekskills Ind,1,3.6
Tekonika Technologies,1,1.8
Tekolutions Ai,1,3.6
Teknotrait Solutions,1,4.2
Tekminders,1,4.2
Tekion,1,3.2
Avani Infosoft,1,3.4
Avani Consulting,1,3.6
Avalon Global Research,1,2.6
Avaada Energy,1,4.3
Ava international pvt. ltd.,1,4.2
Auxidane,1,4.2
Auxano Global Services (AGS),1,3.1
Terminalapps Pvt.,1,3.6
Terawe Technologies,1,3.3
Teqlume Solutions Llp,1,3.6
TensorIoT Inc,1,2.5
TendersCertificate.com,1,3.6
Telloquent,1,4.7
Teleperformace,1,3.6
Telefonica Tech,1,3.6
Tekskills India private Limited (CMMI Level 3),1,3.6
Automationedge,1,2.8
Authenu,1,3.6
Aurven,1,2.7
Auroville Consulting,1,4.4
Auriga It,1,4.3
Aura Placement Consultants,1,3.6
Augray,1,4.0
Attesa Coffee,1,3.6
Attarix Talent Solutions Mumbai,1,3.6
Atria Convergence Technologies (ACT),1,3.8
Atomic Arts India,1,3.2
Atomberg Technologies,1,3.8
Atlength Buildtech And Interiors,1,4.7
Atlas Softweb,1,3.3
Atlas Copco,1,4.1
Testometer,1,3.6
Testgrid,1,3.3
Tessolve,1,3.3
Terveys Technology Solutions,1,4.6
Terrific Minds,1,4.0
Terralogic Software Solutions,1,2.8
Terra Edgesoft,1,3.6
Terra Blue Exploration Technologies,1,3.6
Athena Education,1,3.9
Astron Zircon,1,5.0
Astranova Mobility,1,3.7
Astralinx,1,3.9
The Alchemist Ark,1,3.7
The Adroit,1,4.4
Tharare Global Solutions,1,3.6
Tezlogic,1,3.6
Texperts India,1,4.2
Texmaco Rail & Eng,1,3.8
Texas Instruments,1,3.7
Texala India,1,2.8
Tex Corp,1,3.6
Teva Active Pharmaceutical Ingredient,1,3.4
Tether Operations,1,3.6
Attify,1,3.6
The Lifetime Value Co,1,3.6
The LHR,1,3.6
The Intellify,1,3.8
The India Sanitation Coalition,1,3.3
The Hartford,1,4.6
The Hans Foundation (THF),1,4.1
The Geographic Planning Collaborative Group,1,3.6
The Fast Way,1,5.0
The Concrete Shop,1,3.6
The Best Enterprises,1,3.6
The Asia Group,1,3.6
Atlantic Publishers & Distributors,1,3.2
Atkins Global,1,3.8
Atidan Technologies,1,4.2
Athena Infonomics,1,3.9
Athena Executive Search And Consulting,1,3.6
Assetbridge,1,3.6
Assembly Health,1,3.6
Assago Industries Pvt. Ltd.,1,3.5
Assa Abloy Entrance Systems,1,3.6
Aspire Software,1,3.8
Aspire Lifestyles,1,2.4
Aspire Disruptive Skill Foundation(ADS Foundation),1,3.1
Aspiration,1,3.6
The Vaan Group,1,3.6
The Tech Ravens,1,3.9
The Real Estate Connect,1,3.6
The Product Guys,1,4.2
The Perfect Click,1,3.6
The Night Marketer,1,4.2
The New Indian Express,1,3.9
The Nabha Foundation,1,3.6
Thinkbioai,1,3.6
Thinkaloud Consulting,1,3.6
Thinkagain Educational Services,1,5.0
Think Gestalt,1,3.3
Think Evolve Consultancy,1,3.6
Thiess,1,3.5
Thieme Medical and Scientific Publishers Private L,1,4.1
Thermotech Systems,1,3.2
Thence: The Product Success Company,1,4.0
Thecloudtree,1,4.7
TheHireHub.AI,1,3.6
TheEssencials,1,3.6
Assurant Automotive Warranty Solutions,1,4.0
Asstron E-Services,1,4.9
Associate Allied Chemicals,1,3.8
Assetmonk,1,4.4
Ascent Cyber Solutions,1,4.5
Ascent Consulting Services,1,3.6
Ascendency Infosystems,1,4.7
Ascend Performance Materials,1,4.0
Asahi India Glass (AIS),1,3.8
Aryanco,1,3.6
Thyssenkrupp Polysius,1,3.6
Thynx Labs,1,3.7
Thuse Elektronics,1,3.9
Thoughtmate Systems,1,4.1
ThoughtFocus,1,3.3
Thirstyfish,1,1.0
Third Eye Consulting,1,3.6
Thinkwik,1,4.2
Thinkproject,1,2.1
Thinkbotic Technology,1,3.6
Tomorrow World Technology,1,3.6
Together Light,1,4.9
Tod Technologies In,1,3.6
Tivona Global Technologies,1,4.3
Titagarh Rail Systems,1,2.6
Tipsons Group,1,4.0
Tinker Coders,1,2.6
Timus Consulting Services,1,4.0
Timelyai Technologies,1,1.9
Time Line Investments Bangalore,1,3.6
Tigmaminds,1,4.0
Tieto,1,4.1
Tide Software,1,3.6
Aspee Agro Equipment,1,2.6
Asky Services Llp,1,5.0
Asian Education Group,1,3.5
Arush Gas Technology Services,1,2.0
Arunarcis Solutions,1,3.6
Artoon Solutions,1,4.0
Arting Digital,1,4.8
Artificial Learning Systems,1,4.0
Arthan,1,3.2
Arth I Soft,1,3.1
Arteria,1,2.6
Tops Infosolutions,1,3.8
Toprankers,1,3.6
Top Rated IT Organization,1,3.6
Top Rated IT Enterprise,1,3.6
Top Rated IT Corporation,1,3.6
Top Mentor,1,4.5
Top Hire,1,3.6
Top Global Consulting Firm,1,3.6
Arpan Infrasolution,1,4.0
Arpan,1,4.0
Aroha Technologies,1,2.8
Armstrong Fluid Technology,1,3.6
Armory Gurugram,1,5.0
Armee Infotech,1,3.3
Training Basket,1,4.4
Tractors and Farm Equipment (TAFE),1,3.9
Touchstone Educationals,1,3.3
TotalEnergies,1,3.7
Toshiba JSW Power Systems,1,4.3
Torrent Power,1,3.7
Tops Security,1,4.3
Aryaka Networks,1,3.1
Arya.ai,1,4.6
Arvind SmartSpaces Limited,1,4.0
Trelleborg,1,3.7
Treis Solutions,1,3.6
Trefis,1,4.3
Treebo Hotels,1,3.2
Traveltriangle,1,3.5
Traveltime Car Rental,1,3.6
Travelpulse Venture,1,3.6
Travel Designer Group,1,2.5
Travclan,1,3.5
Trantor,1,3.8
Transsight Software,1,2.3
Transperfect,1,3.0
Transaction Network Services,1,3.0
Arsenaltech,1,2.5
Arrow Electronics,1,4.2
Array Innovative Services,1,4.3
Arizon Digital,1,3.6
Arivon Technologies,1,4.4
Aritha Consulting Services,1,4.2
Argus India Price Reporting Services,1,3.4
Areterix Technologies,1,3.6
Arete Careers (opc),1,3.6
Ares India,1,3.0
Trident It Consulting,1,3.6
Trident Creation,1,4.2
Tribes Communication,1,3.3
Tribastion Technologies,1,2.2
Trianz,1,3.7
Triad Square Infosec,1,3.7
Trexquant Investment LP,1,3.6
Trent Limited,1,3.8
Trend Micro,1,3.9
Arcelormittal,1,4.0
Arbaan Gt,1,2.2
Aranca,1,3.4
Aquaconx Solutions,1,3.6
Aquachem Industries,1,4.9
Aqb Solutions,1,4.3
Trubridge,1,3.8
Tror,1,3.6
Trium Infosolutions,1,3.6
Tripjack,1,3.9
Tripgain,1,3.8
Trionix Life Sciences,1,3.6
Trinus Corporation,1,4.4
Arman Financial Services,1,3.8
Arkha Systems India,1,3.6
Ark Solutions,1,3.8
Appsmartz,1,4.2
Appseconnect,1,3.4
Appscrip,1,2.8
Truliv Properties Services Chennai,1,3.9
Trukky,1,4.6
Truefy,1,3.6
Truefocus Automation,1,5.0
Truebodh Technologies,1,4.1
TrueBlue,1,3.6
True Value Infosoft,1,4.9
True Tech Professionals,1,3.6
Ardorcomm Media,1,3.5
Arctic Invent,1,3.8
Arcon Marketing,1,3.6
Arcitech,1,4.1
Arcesium,1,3.4
UE Autotech (i),1,3.9
U2o3 Infotech,1,3.6
U-set Consulting,1,2.5
Tweeny,1,3.6
Tuteck,1,4.2
Turtlemint,1,3.7
Turgon Ai,1,3.6
Turabit Solutions,1,3.4
Tuple Technologies,1,3.8
Tundra Technical Solution,1,3.6
Tulja Estate,1,3.6
Aptia Group,1,2.7
Appzoy Technologies,1,5.0
Apptread,1,3.6
Appster,1,3.9
Appsource Services,1,3.1
Apprication,1,3.2
Appquarterz Technologies,1,4.2
Appmysite,1,1.0
Appmomos.com,1,3.6
Applied Software,1,5.0
Applied Research Works India,1,3.2
Appizion Consulting & Solutions,1,2.1
Appiness Interactive,1,4.3
USHA International,1,4.0
US Staffing Firm,1,3.6
US Software Services Group,1,3.6
US Healthcare prod dev,1,3.6
US Based Management Consulting Firm,1,3.6
UPC Renewables India,1,4.3
UOB,1,3.6
UL Solutions,1,3.9
Apollo Asia Travel Group,1,3.6
Apmh & Associates,1,4.6
Apister Lifesciences,1,5.0
Apexon,1,3.3
Apex Heart Institute,1,3.9
Apex Analytix Technology,1,2.6
Ultragits,1,4.9
Ultimez Technology,1,4.4
Ultimate Sun Systems,1,3.6
Ulektz Learning Solutions,1,3.7
Udbhabana Business Solutions Jabalpur,1,3.6
Udaan Skills,1,3.6
USV,1,4.0
USHEMA MANSYSTEM PVT LIMITED,1,3.6
USHANKK ENTERRPRISES PRIVATE LIMITED,1,3.6
Apps For Bharat,1,4.4
Unitech,1,3.7
Unisys,1,3.4
Unistanz Software,1,3.5
Unison Group Com,1,3.6
Unipolar Technologies,1,3.6
Uniphore Software Systems,1,3.0
Unipath Solutions,1,3.7
UnifyApps,1,3.6
Unified Workplace,1,4.5
Unified Credit Solutions,1,2.8
Uneecops Technologies,1,3.7
Uncharted Infolabs,1,3.6
Unbox Robotics,1,4.0
Umicore,1,4.4
Appglide,1,3.7
Apollo Hospitals,1,4.0
Aparajitha Corporate Services,1,3.8
Apagen Solutions,1,4.7
Apac News Network,1,3.1
Anzen Exports,1,3.5
Anywhere Real Estate Inc,1,2.7
Anutham Technologies,1,4.6
Anudip,1,4.1
Antworks,1,3.4
Antuit,1,3.4
Ants Digital,1,1.7
Universal Council For Vocational And Skills Education,1,3.6
Unity Small Finance Bank,1,3.6
Unitel Contact Centres,1,2.1
United Layer,1,4.4
United Eduplus,1,4.8
United Business,1,3.6
Usaindiacfo,1,3.6
Urbint,1,2.8
Urban Management Centre,1,3.8
Uranus Oil,1,3.6
Upsurge Infotech,1,4.5
Upman Placements,1,3.6
Uplevyl,1,3.6
Uplers,1,3.6
Upkar Leasing And Finance Company,1,3.6
Updraft,1,3.6
Updater Services (UDS),1,3.7
Up Market Research,1,3.0
Unyscape Infocom,1,4.1
Unosimple Technologies,1,4.2
Univision Softech,1,4.2
Apeiron Global,1,4.6
Ansi Bytecode,1,4.3
Anovip,1,3.2
Anolytics,1,2.5
Anokhi Tv,1,3.6
AnnexMed,1,3.2
Anmol Industries,1,4.3
Ankyah Infinity,1,4.9
Ankpal Technologies,1,3.6
V Group Inc.,1,3.6
Uvation,1,3.7
Uttrayon Properties,1,3.6
Utkarsh Small Finance Bank,1,3.6
Utimaco,1,5.0
Utah Tech Labs,1,3.1
Ustraa,1,3.0
Usdc Global,1,2.5
Anekant Group,1,4.5
Anantam Hr Surat,1,3.6
Anantaa Gsk Innovations,1,3.1
Ananta Labs Rajkot,1,3.6
VML ES,1,3.5
VMA Architects,1,3.5
VH Mobile Metrics,1,3.6
VE3,1,4.0
VDart Software Services,1,4.0
VBeyond Corporation,1,3.6
VALUEWING CONSULTANCY SERVICES (P) LTD,1,3.0
V5 Global,1,3.6
Antarmanh,1,3.2
Antara Foundation,1,3.2
Antano & Harini Legacy Accelerators,1,4.2
Antal International,1,3.6
Valuebound,1,2.3
ValueLabs,1,3.6
Value Prospect,1,3.6
Valmet,1,4.0
Valens Datalabs,1,4.4
Vaisesika Consulting,1,3.9
Vaibhav Vyapaar,1,2.9
Vadvice Consulting Services,1,3.6
VS2 Digital,1,3.6
VR Consulting,1,3.6
VML Enterprise Solutions,1,3.5
Ankercloud,1,3.3
Aniruddha Telemetry Systems,1,2.5
Anirat Contracts,1,4.5
Animal Health Pathology Lab,1,5.0
Anicca Data Science Solutions,1,4.2
VasyERP,1,3.5
Vasu Healthcare,1,4.8
Vashishth Tech Enterprise (VTE),1,3.6
Vashi Electricals,1,3.8
Varuna Integrated Logistics,1,3.7
Varun Beverages Limited,1,4.0
Varija Lifestyles,1,3.2
Variance Infotech,1,2.7
Vareli Tecnac,1,3.7
Vara Infrovate,1,3.8
Vanya It,1,3.6
Vantageiq Technologies,1,3.6
Vandey Consultancy Services,1,3.9
Valvoline Cummins,1,4.0
Valuemap Technologies,1,3.4
Valuelabs,1,3.4
Analyticstash,1,3.6
An MNC Client Of Capital Placement Services Gurgaon,1,3.6
An IT MNC,1,3.6
"An Advanced Data Science, Data Engineering and Data Visualization Corporation",1,3.6
Amway,1,4.0
Amudhalakshmi Systems,1,3.8
Amroar Technologies,1,3.3
Amrita Vishwa Vidyapeetham,1,3.7
Amrit Cement,1,3.9
Vee Healthtek,1,3.8
Vedak,1,3.6
Vecmocon Technologies,1,3.9
Vconnect Global,1,1.6
Vcomply,1,1.4
Vayuz Technologies,1,3.6
VaynerX,1,2.8
AltezzaSys,1,3.6
Alternative Path,1,3.2
Altera Digital Health,1,3.0
Venturesoft,1,5.0
Venture7 Technology,1,3.1
Venera Technologies,1,2.3
Velox Solutions,1,4.2
Vellstone,1,3.6
Vehant Technologies,1,3.9
Vega Intellisoft,1,3.6
Ample Technologies,1,3.7
Amiand Consulting,1,4.2
Ambition Colonisers,1,3.6
Ambit Switchgear,1,4.0
Anand Erp India,1,3.6
Anamallais Agencies Madurai,1,4.0
Versuni Netherlands,1,3.6
Vermilion Cosmetics,1,3.8
Veritas Software Technologies India Private Limited,1,3.9
Veripoint Technologies,1,3.6
Veripark,1,3.0
Verinite Technologies,1,4.2
Verifacts,1,3.2
Vericence,1,3.6
Verdictum,1,1.0
Amazin Automation Solutions India,1,3.4
Amar Cars,1,3.9
Amakshar Technology,1,3.6
Amaeka Technologies,1,3.6
Alumnus Software,1,3.8
Altius Telecom Infrastructure Trust,1,3.6
Altfort Capital,1,4.7
Alpha Analytics Services,1,4.1
Alpaca,1,3.6
Alorica,1,3.0
Aloha Technology,1,2.7
Viavi Solutions,1,3.2
Viatrix Engineering & Plastic,1,4.9
Viasat,1,3.2
Viamz Technologies,1,3.6
Viacom India,1,1.0
Vhive,1,3.6
Vetriforge Technologies Private Limited,1,3.6
Verve Systems,1,4.4
Verve Financial Services,1,3.7
Vertscend Automation,1,2.0
Vertiscript Global It Services,1,4.8
Vertex Interiors,1,4.5
All India Disaster Mitigation Institute,1,3.6
Vimarsh Development Solutions,1,3.5
Viha Digital Commerce(VDC),1,3.8
Videomining Corporation,1,3.6
Vide Alpha Tech Services,1,2.3
Vida - Digital Identity,1,2.6
Vibry Business Solutions,1,3.1
Vibrant Design,1,3.6
Vibeosys Software,1,4.8
Alten,1,3.5
Altek Institution,1,3.6
Altamount Consulting Services,1,4.2
Alpharithm Technologies,1,4.3
Alpha Torana,1,3.6
Alpha Reach,1,3.6
Alpha MD,1,3.2
Algopix,1,3.6
Algates Financial,1,2.8
Virtubox Infotech,1,3.1
Virtual Vidyapith,1,3.6
Virtual Engineering Services,1,4.0
Viralbulls,1,2.3
Vinnovate Technologies,1,4.5
Vinfast,1,2.9
Vincit Software & Consulting,1,4.0
Allyted solutions,1,3.6
Allucent,1,3.2
Allstate Insurance Company,1,3.7
Allianz Global Assistance,1,3.6
Allegis Global Solutions (AGS),1,3.6
Allcargo Logistics,1,3.8
AllCloud,1,3.5
Visual Eyes Optik Technologies,1,1.5
Vistex Asia Pacific,1,3.7
Vista Consoles Electronics,1,4.1
Visionqual It Services,1,3.6
Visionqual IT Services,1,3.6
Visionary Partners,1,3.6
Vishwas Refoils & Consumer,1,3.6
Vishveshwarya Institute Of Engineering And Technology,1,4.1
Vishnu Chemicals,1,3.9
Vise Solutions India,1,3.7
Alkye Services,1,3.4
Aliter Business Solutions,1,3.1
Alist.club,1,3.6
Alight,1,3.3
Algoshack Technologies,1,4.3
"Algoscale Technologies, Inc.",1,3.7
Alembic Limited,1,4.0
Alegeus,1,2.6
Aleeva Retail Solutions,1,3.6
Aldana Development,1,3.6
Alcircle,1,3.4
Alchemy Capital Management,1,4.4
Alation,1,2.8
Alamosa School District No Re 11j,1,3.6
Aktiv Software,1,3.5
Aksvin Technologies,1,3.6
Vizlogic Digital Solutions,1,4.6
Vivro,1,3.6
Vivre Panels,1,3.4
Vivasvanna Export Pvt.Ltd.,1,3.6
VitalityBSS,1,2.6
Vital Space,1,3.6
Ajirasoft,1,3.6
Aithent,1,3.6
Aisquare,1,3.6
Airwoot,1,3.6
Airtel Payments Bank,1,3.8
Vraio Software,1,4.5
Vox Populi,1,3.6
Vouchagram India,1,3.4
Volvo Group,1,4.0
Volto IT Labs LLP,1,3.6
Voltas,1,4.0
Volody Product,1,2.9
Voila Cab's,1,3.6
Voiceoc Innovations,1,2.8
Alethe Labs,1,2.9
Alentris Research,1,3.6
Aikaan Labs,1,3.6
Aideexpert Advisory,1,3.6
WMS Gaming,1,3.6
WM Universal Solutions,1,3.7
WBN Technology,1,3.6
WABAG,1,3.8
Vue Data Technologies,1,4.2
Vrindi,1,2.8
Akshar Arbol International School,1,2.6
Akridata,1,4.9
Akqa,1,2.8
Akasa Finance Ltd. (formerly Known As Pooja Finelease Ltd),1,3.6
Akaike Technologies,1,3.4
Akaasa Technologies,1,3.6
Ajnalens,1,3.4
Ajmera Infotech,1,3.6
WarpDrive,1,2.9
Walmart,1,3.5
WalletHub,1,3.1
Walkingtree Resources,1,4.1
Waisl,1,4.0
Wadzpay Technology,1,2.1
Wadhwani Foundation,1,3.5
Wabtec India,1,3.4
WTW Global Delivery And Solutions,1,3.7
WSP,1,4.1
WOW Softech,1,3.6
Airdev,1,3.6
Airboxr,1,3.6
Air India,1,3.4
Aimbeyond,1,4.3
Aim Research and Consultancy,1,3.6
Agsure Innovations,1,4.7
Agsuite Technologies,1,3.6
Agricps,1,3.6
Agri Begri,1,3.6
Agreus,1,3.6
Agratas,1,4.0
Agpulse Analytica,1,3.6
Agoda,1,3.1
Weavers Web,1,4.2
Weavelinx,1,3.8
Weather Risk Management Services,1,2.9
Wealthstreet Advisors,1,2.6
Weaddo,1,3.1
We Remote Devs,1,3.6
Watson-marlow Fluid Technology Solutions,1,4.3
Watermark,1,3.7
Aforeserve,1,3.4
Webgo Software Labs,1,4.3
Webghat,1,3.6
Webfries,1,3.6
Webexcel Technologies,1,2.4
Webel Computer Training Centre,1,4.4
Webdoux,1,4.0
Webclues Infotech,1,4.1
Webbies,1,4.4
WebSenor,1,3.0
WebMD,1,3.2
WebBee,1,4.1
Web Spiders,1,1.7
Web Root India,1,3.6
Web Digital Mantra It Services,1,4.1
Ahmedabad Textile Industry Research Association,1,3.9
Aether Enterprise Applications,1,4.7
Aeon Integrated Building Design Consultants,1,3.1
Weltec,1,5.0
Welkin Healthcare,1,3.6
Weekend Trainers Group,1,3.6
Webpipl,1,3.6
Webority,1,2.8
Webin Technovation,1,3.6
Agilysys Technologies India,1,3.2
Agilis Advisors,1,3.6
Aggreko Energy Rental India,1,4.4
Aggne Global It Services,1,3.8
Agco Corporation,1,4.1
Agami Tech,1,2.8
Agaetis Technologies,1,2.6
African Industries,1,4.0
Adsrole,1,4.3
Whole9yards Global Ecom,1,3.7
Whitevox Digital,1,2.9
Whiteblue Cloud Services,1,3.3
White Horse Technologies,1,3.6
White Force Outsourcing Services,1,3.6
Whalebone,1,3.6
Westway Electronics,1,3.3
West Pharmaceutical Services,1,3.4
Wesolutize Technology,1,3.6
Wesecureapp,1,1.7
Werq Labs,1,4.2
Affidano Solutions,1,3.6
Aezion Technologies,1,3.5
Aexonic Technologies,1,4.5
Aetherrise Solutions,1,3.6
Wintech Services,1,3.6
Winsolutions,1,3.6
Winsoft Technologies,1,3.1
WinWire,1,3.2
Win Webtech,1,3.6
Wimpey Laboratories,1,5.0
Willware Technologies,1,4.2
Willspired Solutions,1,3.6
Willsfly Technologies,1,4.8
Williams Lea,1,3.6
William O Neil Co,1,3.8
Wildlife Trust Of India,1,3.8
Aelius Consultants,1,3.6
Aegon Life,1,3.2
Aegiscovenant,1,3.4
Advanced Strategies,1,3.6
Adithya Infosoft,1,4.4
Adhoc Networks,1,4.2
Adeptview,1,4.5
Adeption,1,3.6
Adeptia,1,3.4
Adeodist,1,3.6
Adengage,1,1.0
Wizard Communications,1,3.3
Wissen Infotech,1,3.6
Wissen Baum,1,4.5
Wisitech,1,4.6
Wishlink,1,3.4
Wiselife,1,2.5
Wireworks,1,3.7
Wirewebs Digital Solutions,1,3.6
Wipfli India,1,3.6
Acumen Technologies,1,3.8
Wondersoft,1,3.4
Wonderlendhubs,1,3.7
Wonderla Holidays,1,4.4
Wonderbotz,1,3.9
Wolt Solar,1,3.6
Wollmilchsau Technologies,1,4.8
Wolfable,1,3.6
Wockhardt,1,3.7
Wizzer Advisortech,1,3.6
Wizz Technology,1,3.6
Wizikey,1,2.8
Adsparx,1,3.6
Adsparkx Media,1,3.2
Adroit Vantage,1,1.0
Aditya Birla Capital (ABCL),1,3.8
Wow Gift,1,3.6
Worqhat,1,5.0
Woro Media,1,2.9
World Vision Softek,1,3.9
World Goods Marketplace,1,3.6
Workmates Core2cloud,1,3.2
Words Worth,1,1.9
Word Works Ai,1,3.6
Adecco Group,1,3.6
Addweb Solution,1,4.4
Addis Infotech,1,3.6
Add On It Systems,1,4.9
Adbanao,1,4.8
Adani Hospitals,1,3.1
Adamas Tech Consulting,1,3.3
Acviss Technologies,1,4.6
Actalent Services,1,3.6
Acsen Agriscience,1,3.3
Acrotrend Solutions,1,1.9
Acronotics,1,3.5
Acronis,1,3.6
Xebia,1,3.6
Xduce Technologies,1,3.2
Xcodethemes,1,3.6
Xbiz Techventures,1,4.3
Xapotech Systems,1,4.4
Xalted Information Systems,1,4.9
XTGlobal,1,4.3
XO Health Inc,1,3.6
Wyzmindz Solutions,1,3.2
Writesonic,1,4.5
Writer Corporation,1,3.4
Accurate Securities & Registry Private Limited,1,3.6
Accurate Consulting Group,1,3.6
Xonier Technologies,1,4.0
Xongolab,1,2.6
Xomic Infotech,1,2.0
Xicom Technologies,1,4.1
Xiaomi,1,3.8
Xfusion Technologies,1,5.0
Xenominds It Services,1,3.6
Xencia Technology Solutions,1,4.4
Xelium,1,2.9
Xelentor Technologies,1,3.0
Aculife Healthcare,1,2.9
Acuity It Solutions,1,5.0
Acufore India,1,3.9
Action Data Systems,1,3.6
YES Crm Consultants,1,2.7
Xzect,1,4.5
Xylem Water Solutions,1,3.7
Xtage Technologies,1,4.9
Xponentiate,1,3.6
Xplorelogic,1,3.6
Xplor Tech1 Systems,1,3.1
Xperience Infinite Software Technologies,1,3.3
Xperate,1,2.3
Xpay Life,1,1.6
Acobloom International,1,3.6
Acmacorp Solutions,1,4.2
Aceto Pharma,1,3.6
AceNet,1,4.2
Ace Digital Infotech,1,2.9
Accusol Technologies,1,3.6
Accsys Consulting,1,3.7
Accredian,1,3.3
Accounts & Tax Miner's - ATM Infotech & Barcode Store India,1,3.6
Accounting Baba,1,4.5
Accolite Software India Pvt Ltd,1,3.2
Access (Triyam Information Technology),1,4.1
Accentuate Business Solutions,1,3.6
Accelya,1,3.4
Yespivot Technologies,1,4.5
Yespired,1,3.6
Yes Yes Technologies,1,3.6
Yatayat Corporation India,1,3.7
Yapsody,1,3.6
Yakshna Technologies,1,4.4
Yabx,1,2.8
YPO,1,3.6
Abym Technology,1,4.3
Abotts Inc,1,3.6
Abinbev Gcc Services,1,3.2
Abhitex International,1,3.8
Abhar Technologies And Services,1,3.5
Abdul Latif Jameel Poverty Action Lab,1,4.3
Abbineni Business Management,1,2.0
Abak Infotech,1,3.6
ZF Rane Automotive,1,3.8
Z2 Plus Manpower,1,3.6
Yug Technologies,1,1.5
Youngbrainz Infotech,1,3.6
Young Leaders For Active Citizenship,1,3.6
York Ie,1,4.4
Accuknox,1,3.3
Accufy,1,3.6
Aaizel Technologies,1,3.5
Aaheli Consultants,1,3.6
AXA Global Business Services,1,3.7
AWC Software,1,3.7
Zarthi,1,2.0
Zar Jewels,1,3.7
Zaptech Solutions,1,2.5
Zappyworks Software Solutions,1,4.5
Zamp,1,1.5
Zamik Infotech,1,3.6
ZK Technologies,1,5.0
ZIGRAM,1,3.4
Accelon Consulting,1,3.6
Accelbyte,1,3.6
Acaira Technologies,1,4.9
Academian India,1,4.0
Zeplinix Technologies,1,4.3
Zensoft Services,1,3.1
Zeno Talent Chennai,1,3.2
Zenith Techlabs,1,4.5
Zendesk,1,3.8
Zencore,1,3.6
Zen Data Shastra,1,3.6
Zeeplework,1,3.6
Zeekable Technologies Tamil Nadu,1,3.6
Zed Lifestyle,1,4.2
Zealous System,1,3.3
Aapna Infotech,1,4.3
Aaneel Technology Solutions,1,3.7
Aampe,1,3.6
Aala Tech,1,3.6
Aakhyatech Solutions,1,3.6
ARISU App Solutions Pvt. Ltd,1,2.0
ARDEM Incorporated,1,3.9
ARD Softech,1,4.6
ARC Document Solutions,1,2.7
AQM Technologies,1,3.1
APTO GLOBAL EMPLOYMENT PRIVATE LIMITED,1,3.6
Zieo Pharma,1,3.6
Zeutron Technologies,1,3.6
ZettaMine Labs,1,3.6
Zestra Technologies,1,3.6
Zerozilla Technologies,1,3.9
Zerovaega Technologies,1,3.1
Zerodha,1,4.0
Zero2ai,1,3.6
Zero Gravity Communications,1,2.6
Zerion,1,3.6
Zonka Technologies,1,4.5
Zones Corporate Solutions,1,3.2
Zonac Knitting Machines,1,3.9
Zodiac Solutions,1,2.4
Zobello,1,5.0
Znod Technologies,1,3.6
Zithas Nextzen,1,3.4
Ziroh Labs,1,2.8
Zipstack,1,4.5
Zinq Software Labs,1,3.6
Ziffity Solutions,1,3.9
AU Small Finance Bank,1,3.8
"ASENTECH, LLC",1,3.1
AS Technolabs,1,5.0
ART-E,1,2.8
ARS Process Solutions and Consultants Pvt. Ltd.,1,3.6
AI Infotech Chennai,1,3.6
AG Consultancy & Apps,1,1.0
ADG Online Solutions,1,2.3
ADA Software,1,1.8
Zypp,1,4.0
Zyphra Tech Solutions Inc,1,3.6
Zumen Technologies,1,3.6
Zorior Technologies,1,4.0
ANZ,1,3.8
ANSR,1,3.6
ANC Research,1,3.6
AN Solutions India,1,3.6
AMO Mobility Solutions,1,2.7
AM Infoweb,1,3.8
ALOIS Solutions,1,3.6
ALLIANZ SERVICES PRIVATE LIMITED,1,4.1
AB,1,3.8
A2G Technologies,1,3.6
A1apps,1,3.7
A step for Future Placement Services,1,3.6
A leading Technology Services,1,3.6
client - Saaki Argus And Averil Consulting,1,3.6
capSpire India LLP,1,3.8
bluCognition,1,3.0
bijlipay,1,3.4
atk Tech,1,3.6
a leading medical devices organization,1,3.6
AKS Interactive Solutions,1,4.8
AKS Intelligent Systems Llp,1,3.6
AK Enterprises,1,3.4
AK Dezigns,1,5.0
AIE Group,1,4.0
A One Advisory,1,3.6
A Leading Technology Product company,1,3.6
A Leading Organization,1,3.6
A Large and growing General Insurance Organization ! Mumbai,1,3.6
e con Systems,1,3.2
e Software Solutions,1,4.2
dnA Consulting,1,3.6
disprz,1,3.1
dishtv,1,3.4
digitide solutions,1,3.6
dext ai,1,3.6
dataeaze systems,1,3.1
consilium software inc,1,2.8
confidential,1,3.6
ABL Education,1,3.8
AB2 Consulting,1,3.6
iCresset Talent Solutions,1,3.6
iCreative Technologies Inc,1,3.9
iBeris Software,1,4.7
iBase-t,1,3.4
i2V,1,2.7
i exceed,1,2.8
hr priyanka - 8512850830,1,3.6
fox Corporation,1,2.5
fluid.live,1,4.3
A client of L K Saddi Associates,1,3.6
A big name in Fashion Industry,1,3.6
A Us Based Digital Marketing Company,1,3.6
A To Z Electrotrade,1,1.7
A Reputed FinTech Company,1,3.6
A Reputed Company,1,3.6
A Quantum leap consulting Pvt Ltd,1,3.6
A Client of Drishti Consultants Pvt Ltd,1,3.6
A & M Communication,1,1.0
A & E Information System,1,3.7
9series Solutions,1,4.5
99yellow,1,3.0
80 Years Old Global MNC,1,3.6
job Store Consulting,1,4.3
ivon techhub,1,3.6
ive - We Price Right,1,3.8
investment banking,1,3.6
international bpo,1,3.6
intellisourcetech,1,3.6
iT Gurus Software,1,3.4
iSOFT Services India Pvt. Ltd.,1,3.4
iRageCapital,1,4.9
iNetFrame,1,2.8
tata consultancy services,1,3.6
2palpha,1,3.6
24x7 Internet Technologies,1,4.2
24karatz We Buy Gold,1,3.6
247 Healthmedpro,1,2.9
221b Baker Street,1,2.7
200ok Solutions,1,3.8
1cloudhub,1,3.5
1Point1,1,3.5
123 Of Ai,1,3.6
xxxxx pvt ltd,1,3.6
7hillsts,1,3.6
7dxperts,1,3.1
50 Hertz,1,3.2
4sight,1,2.2
47billion,1,3.2
IIMT Group of Colleges,1,4.2
Icodex Publishing Solutions,1,3.1
Icloudems,1,3.7
Ice Make Refrigeration,1,3.6
IVDisplays Digital Services,1,3.6
IVAR Consultants,1,4.6
ITS Technologies,1,2.2
ITP Media Group,1,3.5
ITC Worldwide,1,4.8
IT Solutions Company,1,3.6
IT Services,1,3.6
IT Service and Consulting,1,3.6
IT Path Solutions,1,4.3
IT OPEN DOORS PVT LTD,1,3.6
IT MNC Consulting Company,1,3.6
IT Education Centre,1,4.2
